index	pali_chant	english_chant	chapter	link
1	Buddh'ādi-āmisa-pūjā	Dedication of Offerings	Homage to the Triple Gem	https://sasanarakkha.github.io/study-tools/6-pali-class/sbs-per-analysis/per-01-dedication-of-offerings/
2	Pubbabhāga-namakāra	Preliminary Homage	Homage to the Triple Gem	https://sasanarakkha.github.io/study-tools/6-pali-class/sbs-per-analysis/per-02-preliminary-homage/
3	Buddh'ābhitthuti	Homage to the Buddha	Homage to the Triple Gem	https://sasanarakkha.github.io/study-tools/6-pali-class/sbs-per-analysis/per-03-homage-to-the-buddha/
4	Dhamm'ābhitthuti	Homage to the Dhamma	Homage to the Triple Gem	https://sasanarakkha.github.io/study-tools/6-pali-class/sbs-per-analysis/per-04-homage-to-the-dhamma/
5	Saṅgh'ābhitthuti	Homage to the Saṅgha	Homage to the Triple Gem	https://sasanarakkha.github.io/study-tools/6-pali-class/sbs-per-analysis/per-05-homage-to-the-sangha/
6	Ratanattaya-paṇāma	Salutation to the Triple Gem	Homage to the Triple Gem	https://sasanarakkha.github.io/study-tools/6-pali-class/sbs-per-analysis/per-06-salutation-to-the-triple-gem/
7	Buddha-paṭhama-bhāsita	The Buddha's First Exclamation	Verses	https://sasanarakkha.github.io/study-tools/6-pali-class/sbs-per-analysis/per-07-the-buddhas-first-exclamation/
8	Dhamma-gārava	Respect for the Dhamma	Verses	https://sasanarakkha.github.io/study-tools/6-pali-class/sbs-per-analysis/per-08-respect-for-the-dhamma/
9	Khem'ākhema-saraṇa-gamana	Going to True and False Refuges	Verses	https://sasanarakkha.github.io/study-tools/6-pali-class/sbs-per-analysis/per-09-going-to-true-and-false-refuges/
10	Ovāda-pāṭimokkha-gāthā	The Pāṭimokkha Exhortation	Verses	https://sasanarakkha.github.io/study-tools/6-pali-class/sbs-per-analysis/per-10-the-patimokkha-exhortation/
11	Ti-lakkhaṇā	The Three Characteristics	Verses	https://sasanarakkha.github.io/study-tools/6-pali-class/sbs-per-analysis/per-11-the-three-characteristics/
12	Bhārā	The Burdens	Verses	https://sasanarakkha.github.io/study-tools/6-pali-class/sbs-per-analysis/per-12-the-burdens/
13	Raṭṭhapāla-thera-gāthā	From the Elder Raṭṭhapāla	Verses	https://sasanarakkha.github.io/study-tools/6-pali-class/sbs-per-analysis/per-13-from-the-elder-ratthapala/
14	Pārāpariya-thera-gāthā	From the Elder Pārāpariya	Verses	https://sasanarakkha.github.io/study-tools/6-pali-class/sbs-per-analysis/per-14-from-the-elder-parapariya/
15	Tāyana-gāthā	On Protection	Verses	https://sasanarakkha.github.io/study-tools/6-pali-class/sbs-per-analysis/per-15-on-protection/
16	Pakiṇṇaka-gāthā	Miscellaneous Verses	Verses	https://sasanarakkha.github.io/study-tools/6-pali-class/sbs-per-analysis/per-16-miscellaneous-verses/
17	Bhadd'eka-ratta	A single Excellent Night	Verses	https://sasanarakkha.github.io/study-tools/6-pali-class/sbs-per-analysis/per-17-a-single-excellent-night/
18	Dhamma-cakkappavattana	Setting in Motion The Wheel of Dhamma	Teachings	https://sasanarakkha.github.io/study-tools/6-pali-class/sbs-per-analysis/per-18-setting-in-motion-the-wheel-of-dhamma/
19	Anupubba-sikkhā	The Gradual Training	Teachings	https://sasanarakkha.github.io/study-tools/6-pali-class/sbs-per-analysis/per-19-anupubba-sikkha/
20	Bodhipakkhiya-dhammā	Requisites for Awakening	Teachings	https://sasanarakkha.github.io/study-tools/6-pali-class/sbs-per-analysis/per-20-requisites-for-awakening/
21	Satta-sambojjhaṅgā	The Seven Factors of Awakening	Teachings	https://sasanarakkha.github.io/study-tools/6-pali-class/sbs-per-analysis/per-21-the-seven-factors-of-awakening/
22	Ariy'aṭṭhaṅgika-magga	The Noble Eightfold Path	Teachings	https://sasanarakkha.github.io/study-tools/6-pali-class/sbs-per-analysis/per-22-the-noble-eightfold-path/
23	Ānāpānassati	Mindfulness of Breathing	Teachings	https://sasanarakkha.github.io/study-tools/6-pali-class/sbs-per-analysis/per-23-mindfulness-of-breathing/
24	Paṭicca-samuppāda	Dependent Origination	Teachings	https://sasanarakkha.github.io/study-tools/6-pali-class/sbs-per-analysis/per-24-dependent-origination/
25	Saṅkhitta-dhamma	The Dhamma in Brief	Teachings	https://sasanarakkha.github.io/study-tools/6-pali-class/sbs-per-analysis/per-25-the-dhamma-in-brief/
26	Cattāro-mahāpadesā	The Four Great References	Teachings	https://sasanarakkha.github.io/study-tools/6-pali-class/sbs-per-analysis/per-26-the-four-great-references/
27	Cha-sāraṇīya-dhammā	Principles of Cordiality	Teachings	https://sasanarakkha.github.io/study-tools/6-pali-class/sbs-per-analysis/per-27-principles-of-cordiality/
28	Aparihāniya-dhammā	Principles of Non-Decline	Teachings	https://sasanarakkha.github.io/study-tools/6-pali-class/sbs-per-analysis/per-28-principles-of-non-decline/
29	Dhamma-pahaṃsāna	Striving According to the Dhamma	Teachings	https://sasanarakkha.github.io/study-tools/6-pali-class/sbs-per-analysis/per-29-striving-according-to-the-dhamma/
30	Buddha-pacchima-ovāda	The Buddha's Final Instruction	Teachings	https://sasanarakkha.github.io/study-tools/6-pali-class/sbs-per-analysis/per-30-the-buddhas-final-instruction/
31	Cattāro-parikkhārā	The Four Requisites	Reflections	https://sasanarakkha.github.io/study-tools/6-pali-class/sbs-per-analysis/per-31-the-four-requisites/
32	Āhāra-paṭikūla-paccavekkhaṇa-pāṭho	The Repulsiveness of Food	Reflections	https://sasanarakkha.github.io/study-tools/6-pali-class/sbs-per-analysis/per-32-the-repulsiveness-of-food/
33	Mettā-pharaṇa	Universal Well-Being	Reflections	https://sasanarakkha.github.io/study-tools/6-pali-class/sbs-per-analysis/per-33-universal-well-being/
34	Brahmavihārā	The Divine Abidings	Reflections	https://sasanarakkha.github.io/study-tools/6-pali-class/sbs-per-analysis/per-34-the-divine-abidings/
35	Pañca-abhiṇha-paccavekkhaṇā	Five Subjects for Frequent Reflection	Reflections	https://sasanarakkha.github.io/study-tools/6-pali-class/sbs-per-analysis/per-35-five-subjects-for-frequent-recollection/
36	Dasadhammā-pabbajita-abhiṇha-paccavekkhaṇā	Ten Subjects for Frequent Reflection by One Who Has Gone Forth	Reflections	https://sasanarakkha.github.io/study-tools/6-pali-class/sbs-per-analysis/per-36-ten-subjects-for-frequent-recollection-by-one-who-has-gone-forth/
37	Dvattiṃs'ākāra-paccavekkhaṇa	The Thirty-Two Parts	Reflections	https://sasanarakkha.github.io/study-tools/6-pali-class/sbs-per-analysis/per-37-the-thirty-two-parts/
38	Anicc'ānussati	Recollection of Impermanence	Reflections	https://sasanarakkha.github.io/study-tools/6-pali-class/sbs-per-analysis/per-38-recollection-of-impermanence/
39	Dhammacakkappavattana-sutta	The Discourse on Setting in Motion The Wheel of Dhamma	Cardinal Suttas	https://sasanarakkha.github.io/study-tools/6-pali-class/sbs-per-analysis/per-39-dhammacakkappavattana-sutta/
40	Anatta-lakkhaṇa-sutta	The Discourse on the Characteristic of Not-Self	Cardinal Suttas	https://sasanarakkha.github.io/study-tools/6-pali-class/sbs-per-analysis/per-40-anatta-lakkhana-sutta/
41	Āditta-pariyāya-sutta	The Fire Sermon	Cardinal Suttas	https://sasanarakkha.github.io/study-tools/6-pali-class/sbs-per-analysis/per-41-aditta-pariyaya-sutta/
42	Yathā-vāri-vahā-pūrā	Just as Rivers Full of Water	Thanksgiving Recitations	https://sasanarakkha.github.io/study-tools/6-pali-class/sbs-per-analysis/per-42-yatha-vari-vaha/
43	Ratanattayānubhāv'ādi-gāthā	Verses Starting with the Power of the Triple Gem	Thanksgiving Recitations	https://sasanarakkha.github.io/study-tools/6-pali-class/sbs-per-analysis/per-43-ratanattayanubhavadi-gatha/
44	Bhojana-dānānumodanā	Rejoicing in the Giving of Food	Thanksgiving Recitations	https://sasanarakkha.github.io/study-tools/6-pali-class/sbs-per-analysis/per-44-bhojana-dananumodana/
45	Culla-maṅgala-cakka-vāḷa	Short Blessings of the Entire World	Thanksgiving Recitations	https://sasanarakkha.github.io/study-tools/6-pali-class/sbs-per-analysis/per-45-culla-mangala-cakka-vala/
46	Aggappasāda-sutta-gāthā	Verses from the Discourse on Confidence in the Supreme	Thanksgiving Recitations	https://sasanarakkha.github.io/study-tools/6-pali-class/sbs-per-analysis/per-46-aggappasada-sutta-gatha/
47	Kāla-dāna-sutta-gāthā	Verses from the Discourse on Giving at the Proper Time	Thanksgiving Recitations	https://sasanarakkha.github.io/study-tools/6-pali-class/sbs-per-analysis/per-47-kala-dana-sutta-gatha/
48	So-attha-laddho	He Who Gains Benefits	Thanksgiving Recitations	https://sasanarakkha.github.io/study-tools/6-pali-class/sbs-per-analysis/per-48-so-attha-laddho/
49	Devā-ārādhanā	Invitation to the Devas	Protective Recitations	https://sasanarakkha.github.io/study-tools/6-pali-class/sbs-per-analysis/per-49-deva-aradhanai/
50	Saraṇa-gamana-pāṭho	Passage on Going for Refuge	Protective Recitations	https://sasanarakkha.github.io/study-tools/6-pali-class/sbs-per-analysis/per-50-sarana-gamana-patho/
51	Nama-kāra-siddhi-gāthā	Verses on Triumph by Paying Homage	Protective Recitations	https://sasanarakkha.github.io/study-tools/6-pali-class/sbs-per-analysis/per-51-nama-kara-siddhi-gatha/
52	Namo-kāra-aṭṭhaka	Paying Homage to the Octad	Protective Recitations	https://sasanarakkha.github.io/study-tools/6-pali-class/sbs-per-analysis/per-52-namo-kara-atthaka/
53	Maṅgala-sutta	The Discourse on Blessings	Protective Recitations	https://sasanarakkha.github.io/study-tools/6-pali-class/sbs-per-analysis/per-53-mangala-sutta/
54	Ratana-sutta	The Discourse on Jewels	Protective Recitations	https://sasanarakkha.github.io/study-tools/6-pali-class/sbs-per-analysis/per-54-ratana-sutta/
55	Karaṇīya-metta-sutta	The Discourse on the Loving-Kindness to be Done	Protective Recitations	https://sasanarakkha.github.io/study-tools/6-pali-class/sbs-per-analysis/per-55-karaniya-metta-sutta/
56	Khandha-parittaṃ	Protection of the Aggregates	Protective Recitations	https://sasanarakkha.github.io/study-tools/6-pali-class/sbs-per-analysis/per-56-khandha-parittam/
57	Buddha-dhamma-saṅgha-guṇā	Qualities of the Buddha, Dhamma, and Saṅgha	Protective Recitations	https://sasanarakkha.github.io/study-tools/6-pali-class/sbs-per-analysis/per-57-buddha-dhamma-sangha-guna/
58	Yaṅ'kiñci-ratanaṃ-loke	Whatever Kind of Jewel in the World	Protective Recitations	https://sasanarakkha.github.io/study-tools/6-pali-class/sbs-per-analysis/per-58-yan-kinci-ratanam-loke/
59	Bojjh'aṅga-parittaṃ	Protection of the Factors of Awakening	Protective Recitations	https://sasanarakkha.github.io/study-tools/6-pali-class/sbs-per-analysis/per-59-bojjhanga-parittam/
60	Abhaya-parittaṃ	Protection for Safety	Protective Recitations	https://sasanarakkha.github.io/study-tools/6-pali-class/sbs-per-analysis/per-60-abhaya-parittam/
61	Devatā-uyyojana-gāthā	Verses on Dismissing Evil Spirits	Protective Recitations	https://sasanarakkha.github.io/study-tools/6-pali-class/sbs-per-analysis/per-61-devata-uyyojana-gatha/
62	Jaya-maṅgala-aṭṭha-gāthā	Verses on the Eight Victory Blessings	Protective Recitations	https://sasanarakkha.github.io/study-tools/6-pali-class/sbs-per-analysis/per-62-jaya-mangala-attha-gatha/
63	Jaya-parittaṃ	Protection for Victory	Protective Recitations	https://sasanarakkha.github.io/study-tools/6-pali-class/sbs-per-analysis/per-63-jaya-parittam/
64	Bhavatu-sabba-maṅgalaṃ	May Every Blessing Come to Be	Protective Recitations	https://sasanarakkha.github.io/study-tools/6-pali-class/sbs-per-analysis/per-64-bhavatu-sabba-mangalam/
65	Dhamma-saṅgaṇī-mātikā	Outlines from the Enumeration of Phenomena	Funeral Chants	https://sasanarakkha.github.io/study-tools/6-pali-class/sbs-per-analysis/per-65-dhamma-sangani-matika/
66	Vipassanā-bhūmi-pāṭho	Passage on the Ground for Distinct Seeing	Funeral Chants	https://sasanarakkha.github.io/study-tools/6-pali-class/sbs-per-analysis/per-66-vipassana-bhumi-patho/
67	Paṭṭhāna-mātikā-pāṭho	Passage on the Outlines from the Foundation of Conditional Relations	Funeral Chants	https://sasanarakkha.github.io/study-tools/6-pali-class/sbs-per-analysis/per-67-patthana-matika-patho/
68	Adāsi-me-ādi-gāthā	"Verses Starting with ""He Gave to Me"""	Funeral Chants	https://sasanarakkha.github.io/study-tools/6-pali-class/sbs-per-analysis/per-68-adasi-me-adi-gatha/
69	Maraṇa-paccavekkhaṇā	Reflections on Death	Funeral Chants	https://sasanarakkha.github.io/study-tools/6-pali-class/sbs-per-analysis/per-69-pamsu-kula/
70	Uddissan'ādhiṭṭhānā	Sharing and Aspirations	Sharing of Merits	https://sasanarakkha.github.io/study-tools/6-pali-class/sbs-per-analysis/per-70-sharing-and-aspirations/
71	Sabba-patti-dāna	Sharing of All Merits	Sharing of Merits	https://sasanarakkha.github.io/study-tools/6-pali-class/sbs-per-analysis/per-71-sharing-of-all-merits/
72	Peta-patti-dāna	Sharing of Merits with the Departed	Sharing of Merits	https://sasanarakkha.github.io/study-tools/6-pali-class/sbs-per-analysis/per-72-sharing-of-merits-with-the-departed/
73	Devata-patti-dāna	Sharing of Merits with the Devas	Sharing of Merits	https://sasanarakkha.github.io/study-tools/6-pali-class/sbs-per-analysis/per-73-sharing-of-merits-with-the-devas/
74	Paramāya-pūjāyañ'ca-paṇidhiñ'ca	The Highest Honour and Aspirations	Sharing of Merits	https://sasanarakkha.github.io/study-tools/6-pali-class/sbs-per-analysis/per-74-the-highest-honour-and-aspirations/
75	Pubbakicca	Preliminary duty	International Pātimokkha	https://sasanarakkha.github.io/study-tools/6-pali-class/sbs-per-analysis/pubbakicca-analysis/
76	Pubba-bhāga	Preliminary Homage	Post Pātimokkha	https://sasanarakkha.github.io/study-tools/6-pali-class/sbs-per-analysis/post-patimokkha/#preliminary-homage
77	Sīl'uddesa-pāṭha	Recitation of virtue	Post Pātimokkha	https://sasanarakkha.github.io/study-tools/6-pali-class/sbs-per-analysis/post-patimokkha/#recitation-of-virtue
