"id"	"ta_meaning"
"335"	"மொழியால் உணர்வுகளை குரு, நிண்ம்மரம், மெய்யுணர்வை சொல்வது; சுடுகாட்டில் இங்கு மதியுங்கள்"
"402"	"அன்னிப்பதாக உள்ளது; கூறுகிறது; விளக்குகிறது (எதைக்கு); சரியாக இங்கு கூறுகிறது"
"406"	"கொணரப்படுகிறது; கூறப்படுகிறது"
"607"	"மேல் நிலையில் இருக்கிறது; சிறந்தது என்று கூறப்படுகிறது (விளைவுகள்)"
"1064"	"அனைத்து உடைகள்; உடைகள்; உடைகள் (கொடுக்க); உண்மையில் மூடுகிறது"
"1360"	"வாழ்கின்றதாக, வாழ்கிறது; தங்குகின்றதாக, நிலைத்திருக்கிறது; வசிக்கிறது (இப்போது); அர்தமாக, மேலே வாழ்கிறது"
"1361"	"இறைவனாக ஆட்சி செய்கிறான்; ஆளுகிறான்; மென். மேலே வாழ்கிறது"
"1455"	"இறுக்குகிறது; ஊசியாகிறது; உள்நுழைக்கிறது; முற்றிலும் இறக்கச் செய்கிறது"
"1631"	"அறிகிறான்; புரிந்துகொள்கிறான்; அறிவாக இருக்கிறது (பற்றி)"
"1701"	"துன்புறுகிறான்; கலக்கம் அடைகிறான் (வளைவு மூலம்)"
"2087"	"அதிகமாக செல்லச் செய்வது; கடந்துவந்தால் செல்லச் செய்வது; உண்மையில், மிகுந்த தொலைவுக்கு செல்லச் செய்வது"
"2088"	"முக்கியமாகக் கடந்து செல்கிறது; தாண்டுகிறது; மீறுகிறது; உரிமையாக அதிகமாகச் செலுத்துகிறது"
"2089"	"வருவதற்குச் சீறுகிறது; (ஏதாவது) தவிர்க்கவைந்து விடும்; உண்மையில் மீறச் செய்வது"
"2576"	"தன்னையே புகழ்கிறது (மூலம்); தன்னையே உயர்த்துகிறது (காரணமாக)"
"2736"	"உள்ளது; உள்ளது"
"2737"	"உள்ளது; அவர்கள் உள்ளனர்"
"3145"	"பெறுகிறது, கண்டுபிடிக்கிறது, அடைகிறது, காண்கிறத, வெளிவகையில் வருகிறது"
"3151"	"மிஞ்சுகிறது; அதிகமாக மாறுகிறது; கடந்துகொள்கிறது (அவர்களை)"
"3203"	"நிலைத்திருக்கிறது; நிலைநிறுத்துகிறான்; எண்ணம் உறுதியாக்கிறான்; தீர்மானிக்கிறது; நேரடியாக நிற்கிறது"
"3204"	"கேந்திரமாக்குகிறது; மையமாக்குகிறது; கவனம் செலுத்துகிறது (மேல்); பொருளில் நிற்கிறோடு"
"3205"	"நிர்ணயிக்கிறது; கட்டளை செய்கிறது; வரிசைப்படுத்துகிறது; மேலாண்மை செய்கிறது; மேற்பரப்பில் நிற்கிறேன்"
"3296"	"வலியுறுதியாக இருப்பது; ஈர்க்கப்படுகிறது; ஈடுபடுகிறது; தீர்மானிக்கப்பட்டுள்ளது; மகா புறப்படுத்தல் ஒழுக்கமாக உள்ளது"
"3297"	"கொடுப்பட்டுள்ளது; மனதினை ஏற்படுத்தியுள்ளது (பற்றி); நம்பிக்கை வைத்துள்ளது (இன்னொருவரில்); நட்சத்திரமாக倾向ுகிறது; என்பதை வாசிக்கப்படுகிறது"
"3376"	"ஒப்புக்கொள்கிறது; சம்மதிக்கிறான்; வாங்குகிறான்; அர்த்தமாய் வாழ விரும்பேத்த அளிக்கிறான்"
"3377"	"எதிர்த்து நிற்கிறான்; சகிக்கிறான்; மழை வரும்; உயிர்வாழச் செய்வதாக"
"4327"	"கவலைக்கிறான்; இரக்கம் செய்கிறான்; கருணை கொண்டிருக்கிறான்; பொருள் என்னவென்றால், அத்துடன்震颤ிற்று."
"4473"	"அனுமதிக்கிறது; அனுமதி அளிக்கிறது; அனுமதியை வழங்குகிறது (க்கா)"
"4474"	"உறுதியளிக்கிறது; ஏற்கிறது; ஒத்துக்கொள்கிறது; சிந்திக்கிறது"
"4575"	"மேலெழுதுகிறது; தொற்றுறுக்கும்; வெள்ளத்தால் வெளியாகிறது; அச்சுறுத்துகிறது"
"4576"	"விழுப்பேன்; குறுக்கீடு செய்கிறேன்; ஒதுக்குகிறேன்; நேரில் தாக்குதல் செய்கிறேன்"
"4823"	"அடைகிறது; அடைவதைப் பெறுகிறது; அனுபவிக்கிறது"
"5056"	"அங்கீகரிக்கிறது; பாராட்டுகிறது; கமலிக்கிறது; மகிழ்ந்துள்ளது (முதலில்); உண்மையில் அருகிலுள்ள மகிழ்ச்சி"
"5057"	"சுக்கமாக இருக்கிறான்; மதிப்பீடு செய்கிறான்; நன்றி செலுத்துகிறான்; பொருளில் அருகில் மகிழ்ச்சி அடைகிறான்"
"5082"	"செய்கிறான்; ஈடுபடுகிறான்; இணைக்கிறான்; செய்கிறான்; ஒருவேளை பக்கவாட்டில் இணைக்கிறது"
"5083"	"விளம்பரம் செய்கிறான்; பயங்கரமாக அடிமைபெற்றிருக்கும்; தமிழில் உபயோகப்படுத்தும்"
"5257"	"அவனை வாக்கியங்களால் வழிநடத்துகிறது; உத்திக்கிறது; கற்பிக்கிறது"
"5259"	"நிர்வகிக்கிறது; ஆள்கிறது; நிர்ணயம் செய்கிறது"
"5302"	"(ஒரு பொருளின்) அடிப்படையாகிறது; உருவாகிறது; மறைந்துள்ளது; உறங்குகிறது; வெளிப்படையாகப் போர்த்திக்கொள்கிறது"
"5303"	"ஊக்கம் அடைகிறான், கவலையொடு இருக்கிறான், பற்றிக்கொள்ளுகிறான், நீடிக்கிறது, ஒட்டு மட்டு இருக்கிறது"
"5326"	"நினைக்கிறான்; நினைவில் காத்திருக்கிறான்; மனதில் வைத்திருக்கிறான்"
"5327"	"எடுத்துச் செல்கிறான்; தொடர்கிறான்; பின்னால் ஓடுகிறான்; பின்நெருக்கமாக செல்கிறது"
"5421"	"மீண்டும் பார்க்கிறது, மீண்டும் ஆய்வு செய்கிறேன், பிரதிபலிக்கிறது, மனமனக்கிடம் (இது) கவனித்துகொள்கிறது"
"5443"	"சிந்திக்கிறது; பிரதிபலிக்கிறது; மறுதொலைவில் பார்க்கிறது; மறுபார்க்கிறது"
"5692"	"ஒன்று இடமின்றிக் காணாததாக செய்கிறான்; காணாமல் போகச் செய்கிறான்; நீக்கம் செய்கிறான்; இடைவெளியில் வைக்கச் செய்கிறான்"
"5694"	"மறைகிறது; மறைந்து போனது; பொருள்படுத்தும்போது இடத்தில் வைக்கப்படுகிறது"
"5971"	"சேற்றுகிறது; வருகை தருகிறது; கைகொடுக்கும்; அளிக்கிறது"
"6209"	"விலக்குகிறது; வழியை மாறுகிறது; ஒளிந்து செல்கிறது"
"7298"	"பெருக்கமாகக் கூறுகிறான்; வேலை தவறாகச் சொல்லுகிறான்; பொய் குற்றச் சாட்டுகிறான்; (வணிகம்) உண்மையற்ற முறையில் பேசுகிறான் (பற்றி)"
"7317"	" எழுகின்றது; வட்டமாடுகிறது; பரவுகிறது; நேரடியாக மேலே செல்கிறது"
"7563"	"செல்கிறான்; முன்னேறுகிறான்"
"7564"	"வாய்த்தன்மை (அவசரத்தின்) அதிகரிக்கிறது; மோசமாகிறது; உரையாடுவதற்கான உண்மை."
"7565"	"வந்துவிடுகிறான்; வெளி வரும்; அணுகுகிறான்; அஞ்சல் செலுத்துகிறது"
"7637"	"அனுபவிக்கிறது; துன்பப்படுகிறது; பகுத்தறியும் முறையில் முழுமையாக அறிவதென்பது"
"7638"	"நேரடியாக அறிவது; அனுபவத்தினால் புரிந்துகொள்வது; தன்னிற்கே அறிவது; எழுத்துப்பூர்வம் முழுமையாக அறிவது"
"7639"	"அறிந்திருக்கிறான்; விழிப்புணர்ச்சி உள்ளவன் (இலக்கணம்); முற்றிலும் அறிவான்"
"7640"	"சரியாக நினைவூட்டுகிறான்; துல்லியமாக நினைவு கூறுகிறான்; முழுமையாக அறிவான்"
"7662"	"விண்ணப்பிக்கிறது; விரும்புகிறது; ஆசிக்கிறது"
"7781"	"சந்தோஷிக்கிறது; மகிழுகிறான்; ஒப்புக்கொள்ளுகிறது; மகிழ்ச்சி அடைகிறது; ரசிக்கிறது"
"7782"	"வினை செய்கிறது, ஆவல் உடையது, விரும்புகிறது, எதிர்பார்க்கிறது"
"7821"	"உள்கட்டுகிறது; விரிக்கிறது; நீட்டுகிறது; அடியொட்டி முழுவதும் வளைவுகிறது"
"7862"	"உற்பத்தி செய்கிறான்; நிலைநிறுத்துகிறது"
"7893"	"உறுதியாக உட்கார வேண்டும்; பெருமளவு உட்கார வேண்டும்; கூறியபடி உட்கார வேண்டும் (மேல்)."
"7894"	"உள்ளே உட்கார்ந்து, அருகே உட்கார்கிறது"
"7940"	"நுகர்கிறான்; இலக்கு செய்கிறான்; நடத்தியிற் கொண்டு செல்கிறான்; முற்றிலும் கழிக்கிறது"
"8087"	"ஆசிக்கிறான்; சுகமாக இருக்கிறான்; மகிழ்ச்சி அடைகிறான் (இல்)"
"8110"	"எழுகிறது; ஏறுகிறது; ஏற்றுகிறது; குதிக்கிறது"
"8111"	"சென்றிருக்கிறான், சவாரி செய்கிறான், கிளம்பிக்கொண்டு இருக்கிறான்"
"8112"	"பூங்கரங்களுக்குள் ஏறுகிறது; உள்ளே சென்று சேர்வது"
"8147"	"உருவாக்குகிறது; கட்டப்படுகிறது; உருவிச்செய்கிறது; வடிவத்தை உருவாக்குகிறது; உருவாக்குகிறது"
"8148"	"செய்கிறான்; செய்கிறான்; நிலையானதாக கட்டுகிறது"
"8292"	"வளர்கிறது, தாண்டுகிறது, மேல்மட்டத்திற்கு செல்லுகிறது"
"8302"	"வரவேற்கிறான், உற்சாகமாக இருக்கிறான் (கண் திறக்கிறது)"
"8303"	"பிரகடிக்கிறது; உரையாற்றுகிறது; அறிவிக்கிறது; உறுதிப்படுத்துகிறது"
"8333"	"வணங்கு, உயர்மதிக்கிறது (க்கு)"
"8900"	"சாத்தியமானது; கெளவுருவாக உள்ளது; உரியதாய் உள்ளது"
"8901"	"தகுந்தவன்; திறமையானவன்; இயற்கையின் பட்டத்தைப் பற்றி உரிமையுடன் செயல் நடைபெறும்."
"8902"	"கடு; வழமை (வழி); பொருத்தமானது (அந்த); இது பொருத்தமாக இருக்கிறது (அந்த)"
"9719"	"நீ உள்ளது"
"9903"	"நான் இருக்கிறேன்"
"10008"	"உள்ளே எடுக்கிறது, மூடுகிறது"
"10432"	"எடுத்து விடுகிறது; அழிகிறது; திருடுகிறது; விளக்கமாக, கீழே கொண்டு செல்கிறது"
"10988"	"எண்ணம் செய்கிறான்; தேவையென்கின்றான்; விரும்புகிறது; ஆசைப்படுகிறது (கண்டனர்)"
"11143"	"வந்திருக்கின்றான், வந்திருக்கிறான், அடைகின்றான், எழுந்து வருகின்றது"
"11144"	"வருகிறான்; அருகியிற்று; நேரடியாக வருக வந்தால்"
"11145"	"வாங்கி வந்து சேர்கிறான்; மறு வருகை செய்கிறான் (க்கு); உண்மையில் இங்கே வருகிறது"
"11146"	"வந்துவிடுகிறது, ஓடுகிறது, நீராய் வெளிவந்தது, நேர் வந்து சேருங்கள்"
"11147"	"எடுக்கிறது; ஏற்பட்டுள்ளது; நிகழ்கிறது (இவளை அல்லது அவனை); உருகமாக, இங்கே வந்துள்ளது"
"11217"	"ஒரு போது காத்திருக்கிறது; காத்திருக்கிறது; (வணிகம்) எதிர்பார்க்கிறது"
"11218"	"எதிர்பார்க்கிறது; காத்திருக்கிறது"
"11332"	"இந்தச் செய்தியைப் பகிர்கிறது; பேசுகிறது (க்கு); பற்றி பேசுகிறது"
"11333"	"விளக்குகிறது, கணிக்கிறது, காண்பிக்கிறது (ஒருவருக்கு)"
"11370"	"அறிகிறான்; புரிகிறான்; மனதிலும்; விளங்குகிறது"
"11371"	"கிடைக்கிறது; கற்றுக்கொள்வது"
"11372"	"அறிகிறார்; ஒப்புக்கொள்கிறார்; இலக்கணம். இங்கே தெரிகிறது"
"11436"	"அறிக்கை செய்கிறான்; உத்தி செய்கிறான்; வழி காட்டுகிறான்; அறிவதற்கான காரணம் செய்கிறான்"
"11588"	"எடுக்கிறது; பிடிக்கிறது"
"11589"	"களவாங்கிறது; எடுக்கிறது"
"11590"	"கோற்பக்கிறது; பின்வந்துவருகிறது; ஏற்கிறது; பொருத்தமானவற்றைப் பெற்றுக்கொள்கிறது"
"11609"	"குறிப்பு செய்கிறது; விளக்கமாக்குகிறது; வெளிப்படுத்துகிறது"
"11610"	"தொகுக்கும்; வழங்கும்; அர்ப்பணிக்கிறது; அளிக்கிறது"
"11835"	"வருகிறான்; அனுபவிக்கிறது; பெறுகிறது (சுகம்); வலிக்கிறது (வலி); சந்திக்கிறது (உடல்)"
"11836"	"உந்துகிறது; வெளிப்படுத்துகிறது; உற்பத்தி செய்கிறது; உருவாக்குகிறது"
"11837"	"சேர்கிறான், ஈடுபடுகிறான்"
"11838"	"(ஒரு குற்றத்திற்கான) செய்யும்; விழும்"
"11839"	"காரணமாகிறது; விளைவுகள்"
"11840"	"மனதில் ஈடுபடுகிறது; ஒன்றாகிறது"
"11842"	"எதிர்கொள்ளுகிறது; அடைகிறது; பெறுகிறது"
"12084"	"அனைத்துக்கும் அழைக்கிறான்; அழைக்கிறான்; கூடியிருக்கிறான்"
"12099"	"அழிக்கிறது; முடிக்கிறது"
"12265"	"செல்கிறான்; செல்கிறாய்; போகிறான்; செல்லுகிறது"
"12387"	"தொடக்குகிறது, ஆரம்பிக்கிறது, தொடங்குகிறது, மேற்கொள்கிற்பு, உற்சாகம் அடைகிறது"
"12392"	"கொல்லுகிறது; இறுதுகிறான்"
"12451"	"சந்தோஷப்படுத்துகிறது; மகிழவைக்கிறது; ஈர்க்கிறது (மரியாதை)"
"12452"	"இறக்கிறான்;கிடக்கிறது;செய்கிறது;வெற்றியருக்கு (இல்); வெற்றியாக அடைகிறது"
"12453"	"திரும்பத் தந்துவைக்கும், திரும்பத் தருகிறது"
"12552"	"அறிக்கையிடுகிறது; அறிவிக்கிறது; கூறுகிறது (அது); ஒளிரச் செய்கிறது"
"12572"	"வாதிக்கிறது; மறுக்கிறது; எதிர்கொள்ள வருகிறது; இயல்பாக இங்கு உயர்வை ஏற்படுத்துகிறது"
"12573"	"க धகிறது; குற்றம்செய்கிறது; கட்டுப்படுத்து; உண்மையில் இங்கே ஏறவேண்டியது."
"12574"	"எழும்ப செய்கிறது; மேற்கொண்டு செல்லப் அழைக்கிறது; இங்கே மேலே செல்லச் செய்கிறது"
"12575"	"வைக்கிறான்; மேலே வைக்கிறது; (சமூகத்திற்கு) ஏறுகிறது; (மற்ற ஒன்றின் மேலே) ஏறுகிறது; (இங்கு) உயர்வதற்கான காரணமாக செய்கிறது"
"13192"	"கொண்டு வருகிறான்; மீண்டும் கொண்டு வருகிறான்; எடுத்து வருகிறான்; (வண்ணம் பெற) வாங்குகிறாள்; இல் நிஜம் இங்கு கொண்டு செல்கிறது"
"13193"	"பாதுகாப்பினால் உருவகிக்கிறது; உருவாக்குகிறது; காண்பிக்கிறது; சொற்பொழிவில் இங்கே கொண்டேறுகிறது"
"13194"	"உருக்கிறது; உருவாக்குகிறது; அலாவே."
"13195"	"(உணவிற்குள்) சாப்பிடுவது; பயன்படுத்துவது; ரசிக்கிறது; விளக்கமாக இங்கே எடுக்கும்"
"13196"	"ஆஹரிக்கிறது; ஊட்டுகிறது; இதில் எடுத்துக்கொள்கிறது"
"13221"	"கொள்கிறது (இங்கு); இடத்தில் வைக்கிறது (இங்கு); உண்மையில் இங்கே எடுக்கச் செய்யும்"
"13222"	"கத்தியை எடுத்து கொள்கிறது; தற்கொலையாளுமாக செய்கிறது; அங்கே எடுத்துச் சென்றதை காரணமாக்குகிறது"
"13259"	"செய்கிறான்; உணவை எடுத்து கொள்கிறான்; உட்கொள்கிறான்; நேரிலே எடுத்துக்கொள்கிறான்"
"13354"	"கண்டிருக்கிறான்; விரும்புகிறான்; போதுகிறான் (க்கு)"
"13355"	"செல்கிறான்; அசைக்கிறான்"
"13356"	"எதிர்பார்க்கிறார்"
"13829"	"அவருடன் நடந்துகொள்கிறார்; செயல்படுகிறார்; தன்னை நடத்திக்கொள்கிறார்; அடிப்படையில் நகர்கிறார்"
"13830"	"வாழ்கிறான்; செல்கிறான்; பொருத்தமானது நகர்கிறான்"
"13831"	"செல்கிறான்; முன்னேறுகிறான்"
"14045"	"சரிந்த சரிவுகள், முகத்தை மேலே மறிக்கிறது, நேரடியாகப் போகிறது"
"14352"	"கொழும்பு, அழிக்கப்படுகிறது, புண்படுத்தப்படுகிறது, அதாவது உடைக்கப்படுகிறது"
"14478"	"குற்றம் காண்கிறான்; கீழே பார்க்கிறான்; மோசமாக நினைக்கிறான்"
"14500"	"உயிர்ப்பெறுகிறது; வெளியேறுகிறது; சுயமாக எழுந்து நிற்கிறது; விளக்கமாக, எழுப்புகிறது"
"14501"	"எழுகின்றான்; எழுவான்; எழும்புகிறான்"
"14783"	"விளக்குகிறது; தெளிவுபடுத்துகிறது; விளக்கமாக விரித்து செலுத்துகிறது"
"14784"	"பிரகடிக்கிறது; திறந்த மனதுடன் ஏற்கிறது; வெளிக்கொணர்கிறது; என்பதை விட்டுக்கொடுக்கிறது"
"15013"	"ஈர்ப்பு ஒன்றைச் சொல்கிறான்; எடுக்கிறான்; சூஞ்சு இயக்கத்தை ஏற்படுத்துகிறான்"
"15112"	"சுட்டுகிறது; பெயரிடுகிறது; சொன்னால் சுட்டுகிறது"
"15113"	"நியமிக்கிறது; குறிப்பது; நோக்குகிறது; மாறுபட்டது மேலே அசைத்தது"
"15135"	"عينியிடப்படுகிறது; நமுக்காக நியமிக்கப்படுகிறது; வழங்கப்படுகிறது (க்கு); பொருளாக்கமாக குறிக்கப்படுகிறது"
"15209"	"எழுகிறான்; வெளியே எடுக்கிறான்; உயர்த்துகிறான்; மேல் எடுக்கிறான்; ஒளிவாய்ந்தது உயர்த்துகிறது"
"15210"	"அகற்றுகிறது; எடுத்துக்கொள்கிறது; அணுக்கடுக்கிறது; நிலைநாட்டுகிறது"
"15363"	"தாக்குகிறது; இன்கு; குறித்துவது"
"15396"	"விலங்குகிறது; விலகுகிறது; விழுகிறது; உள்ளே செல்கிறது"
"15397"	"எடுக்கிறது; ஏற்றுகிறது; கவனிக்கிறது; சார்ந்ததாகக் கருத்து செலுத்துகிறது; உண்மையில் அருகில் சென்று செல்லிறது"
"15398"	"வளர்கிறான்; நேயத்தை நோக்கி செல்கிறான்; உருக்கமாக அருகில் செல்கிறான்"
"15399"	"அடைகிறது; ஒரு நிலைக்கு நுழைகிறது; ஒரு நிலையை அடைகிறது; பொருட்படுத்தி அருகில் செல்வது"
"15506"	"விளம்பரிக்கிறது; முயற்சிக்கிறது; அருகில் நிற்க உதவுகிறது"
"15507"	"தயாரிக்கிறது; அமைக்கிறது; முன்பே ஏற்படும்; அருகில் நிற்கக்கூடியதாகச் செய்கிறது"
"15508"	"செல்லச் செய்கிறது; மருத்துவரை சிகிச்சை செயச் செய்கிறது; சாரா அருகில் நிற்கச் செய்கிறது"
"15515"	"நிற்கிறது, நிலவும், அருகில் நிற்கின்றது"
"15516"	"அரியவழக்கமாக நிற்கிறது; வழங்குகிறது (எவருக்கேண்டுமே)"
"15517"	"செல்கிறான்; கவனிக்கிறான்; பராமரிக்கிறான்; முறுவாய் அருகில் நிற்கிறது"
"15559"	"வேண்டுமென வைத்திருக்கிறான்; கிடைக்கச் செய்கிறான்; வழங்குகிறான்; அருகில் நிற்கவளிக்கும்"
"15560"	"அமைக்கிறது; தொடங்குகிறது; இருக்கும்படி செய்கிறது; ஒருவர் பெற்றுள்ளதாக உறுதி செய்கிறது; விளேராக அருகில் நிறுத்தச் செய்கிறது"
"15561"	"மருத்துவத்தை சிகிச்சையளிக்கச் செய்ய; கவனிக்கச் செய்ய; எதிர்பார்த்தால் அருகில் நிற்கச் செய்து"
"15562"	"உன்மையில் கொண்டுவருகிறது; உண்டாக்குகிறது; அருகில் நிற்க வைக்கிறது"
"15563"	"சேவிக்கச் செய்கிறான்; செவ்வந்தியாக நியமிக்கிறான்; நேராக இருக்கும் இடத்திற்கு அணுக வைக்கிறான்"
"15646"	"காண்கிறது; வெளிப்படுத்துகிறது; கணிச்செய்கிறது; நிர்வகிக்கிறது"
"15840"	"எடுத்துவருகிறது; அழைத்து செல்கிறான்; வழிகாட்டுகிறது (இதற்காக); உண்மையில் அருகே அழைக்கிறது"
"15841"	"சுட்டிக்காட்டுகிறது; குறிக்கும்; சூழ்த்துகிறது (என்று); நேரடியாக அருகில் கொண்டு செல்கிறது"
"15855"	"மீண்டும் பிறக்கிறான்; மீண்டும் எழுகிறது (இல்); வெளிப்படையாக செல்லுகிறது"
"15857"	"உதவுகிறது, ஏற்றுக்கொள்ளுகிறது, அனுமதிக்கப்படுகிறது, யாவும் நோக்குப் போகிறது"
"15880"	"ஆராய்கிறது; பரிசோதிக்கிறது; ஆராய்ச்சி செய்கிறது; ஆய்வு செய்கிறது; விசாரிக்கிறது; கண்ணோட்டம் செய்கிறது; ஒவ்விடமும் சுற்றி பார்க்கிறது"
"16087"	"வருகை தருகிறான்; செல்கிறான்; சந்திக்கிறான்; அடிப்படையில் அருகில் செல்கிறான்"
"16127"	"முழுமையாக ஆட்கொள்ளுகிறது; உயர் ஆட்கொள்வதை எடுத்துக்கொள்கிறது; மாறாக அருகில் செல்கின்றது"
"16143"	"தேர் வைத்திருக்கிறார், மேன்மைத் தேர்வு செய்கிறார், சேர்க்கடன் உள்ளவராக ஆவிக்கொடுக்கிறார், அருகில் கொண்டு வரச் செய்கிறார்"
"16156"	"ஒப்பிடுகிறது; சமமாக்குகிறது; யதார்தமாக அருகில் கொண்டுவருகிறது"
"16157"	"கவனம் செலுத்துகிறது; கவளைச் சேர்க்கிறது; பயன்படுத்துகிறது; அது நெருங்கியடிக்கிறது"
"16158"	"எடுத்துவருகிறது; காரணமாகிறது; வகைப்படுத்துகிறது; உத்தியோகபூர்வமாக அருகில்உருவாக்குகிறது"
"16221"	"தீதிக்கிறது; விமர்சிக்கிறது; தவறுகள் காண்கிறேன் (யாரிடத்தைப் பற்றி); அகலமாக பேசுகிறது"
"16230"	"உபோக்ஷதன் உட்பட; காத்திருந்திருக்கும்; அருகில் வாழ்கிறேன்"
"16365"	"நெருங்குகிறது; பிடிக்கிறது; வலிமைப்படுத்துகிறது; உடையவரானது; வெளிச்சம்கொள்கிறது"
"16494"	"வருகிறான், அணுகுகிறான், உட்கிறான்"
"16495"	"சேற்பதாக, ஈடுபடுகிறது (உள்ள) ; பங்குபெறுகிறது (இல்) ; உண்மையில் அணுகுகிறது"
"16496"	"பெறுகிறது; உள்வாங்குகிறது; அனுபவிக்கிறது; துயருறுகிறது; மொழியாகக் கடுங்கண் பெற்றது"
"16497"	"உருப்படியாக உள்ளது; தயார் உள்ளது; சான்றோபத்திற்கேற்றதாக உள்ளது; நெருங்குகிறது"
"16535"	"உள்ளுகிறாள்; உருவாகிறது; நிகழ்கிறுது; நடக்கிறது (கொண்டோ அல்லது இன்); உண்மையில் உயர்கிறது"
"16536"	"உன்னைப் பெறுகிறது; மறுபிறப்பெடுகிறது (இல்); நேரியா செல்லுகிறது"
"16537"	"செல்லத்திற்ந் தகிறது; கிட்டுகிறது; தோன்றுகிறது; உண்மையில் உயர்கிறது"
"16677"	"உற்பத்தி செய்கிறது; உருவாக்குகிறது; காரணமாகிறது; உருவாக்குகிறது; வெளியில் செல்ல வைக்கிறது"
"16980"	"அவனை வெளியேற்றுகின்றான்; அனுப்பிக்கொள்கின்றான்; தள்ளிக்கொள்கின்றான்; உரு. ஏறவேண்டும் என்று ஏற்படுத்துகின்றான்"
"16981"	"என்னையாவது செய்யச் செய்கிறாள்; மனம் படுத்துகிறாள்; செயலுக்கு தூண்டுகிறது; விளக்கமாக, மேலே வடியோ செய்கிறாள்"
"17156"	"முடுக்க வயிற்றில், முயற்சி செய்கிறான்; உழைக்கும்; செயலில் முயற்சிக்கிறான் (இல்)"
"17157"	"செய்கிறான்; முடிகிறது; இயல்கிறான் (என்னைக் கட்டாயப்படுத்த)"
"17914"	"வந்திருக்கிறது, வந்துகொண்டிருக்கிறது"
"17915"	"போகிறது (க்கு)"
"18007"	"தேடுகிறது; வழியினைக் காண்கிறது; ஆராய்கிறது (க்கு)"
"18324"	"நடக்கிறது, தோன்றுகிறது, வளர்கிறது, ஓடுகிறது, நகர்கிறது"
"18325"	"உள்ளே செல்கிறது; பொருட்டு கீழே செல்கிறது"
"18326"	"செல்லுகிறது; தவறுகிறது; விளக்கமாகச் செல்லிறது."
"18508"	"இறகிறான்; கீழே செல்கிறது; உள் திறந்துச் செல்கிறது; நேரடியாய் கழிகிறது"
"18607"	"(விழிப்பிற்காக) பொருந்துகிறது; செலுத்துகிறது; வெள்ளையாக வைக்கிறது"
"18608"	"விட்டுவிடுதல்; பதினேறு; அமைத்தல்"
"18609"	"மருத்துவத்திற்கானவை; விளையாடு; இடைநிலை; கீழிறக்கம் செய்கிறது"
"19059"	"செய்திகொடுக்கிறான்; அறிவுறுத்துகிறான்; கருத்து கூறுகிறான்; நேரடியாக பேசுகிறான்"
"19217"	"சந்தேகம் உள்ளது; உறுதியாகக் கூற முடியவில்லை (வீரத்திற்கு)"
"19218"	"எதிர்பார்க்கிறான்; காத்திருக்கிறான்; எதிர்நோக்குகிறான் (இல்)"
"19778"	"பரிதாபிக்கிறது; பெருமையுடன் பேசுகிறது"
"19894"	"சொல்லுகிறார்; கூறுகிறார்; பேசுகிறார்"
"19895"	"சؤالங்களுக்கு, பதில்கள், பதிலளிக்கிறான், பேசுகிறான்"
"19989"	"கேட்கிறது; அழுகிறது (பற்றி); கண்ணீர் அள்ளுகிறது (மட்டுமே)"
"20078"	"வலுப்படுத்துகிறது, பொருத்தமாக உள்ளது, ஒழுக்கமாக உள்ளது (க்கு), அனுமதிக்கப்படுகிறது"
"20149"	"வடிவமைக்கிறார்; உருவாக்குகிறார்; கட்டுப்படுத்துகிறார்; பொருத்தமாக இருக்கச் செய்கிறார்"
"20150"	"எழுயில் கொண்டிருக்கிறான்; வழிநடத்துகிறான்; சுற்றிக்கொள்கிறான்;  பொருத்தமாக இருக்கிறதென்கேற்ப ஏற்படுத்துகிறான்"
"20184"	"செல்கிறான்; ஓடுகிறான்; பறக்கிறான் (மூலமாக)"
"20186"	"நடக்கிறது; நிபந்திக்கிறது; தொடர்கிறது; நடைபெறுகிறது; எழில்."
"20516"	"செய்யப்படுகிறது, நடைமுறைப்படுத்தப்படுகிறது (வழியாக)"
"20517"	"எதிர்கிறது; நிகழ்கிறது (க்கு); விளக்கமாக செயல்படுத்தப்படுகிறது"
"20558"	"இணைக்கிறது, நடிக்கிறது, செய்கிறது"
"20559"	"உருவாக்குகிறது"
"20560"	"உருவாக்குகிறான், கட்டுகிறான்"
"21117"	"ஆசைக்கும்; வென்றுவிட்டது (எண்ணம்); காதலிக்கின்றது (அந்த);"
"21160"	"சம்; உரைசெய்கிறான்"
"21349"	"செய்நெறிக்கிறது; செய்திருக்கிறது; செய்ய உரிமை தருகிறது; கட்டியிருக்கிறது"
"21382"	"செய்விக்கிறது; உருவாக்கத் தொடர்க்கிறது"
"21383"	"செய்கிறது; பழகுகிறது"
"21384"	"(வினய) கையாள்கிறது; சமர்ப்பிக்கிறது (யாருக்கோ சில விஷயங்களைப் பற்றி); உண்மையில் செய்யச் செய்துகொள்கிறது"
"21385"	"கட்டு; கட்டியிருக்கிறது; பகுத்துரை, கட்ட உங்கள் மனதில் வைத்திருக்கிறேன்"
"21386"	"செய்கிறான்; கையிருப்பில் வைத்திருக்கிறான்; வெள்ளி செய்யச் செய்கிறது"
"21414"	"சேல்கிறான்; நீங்குகிறான்; நேரத்தைச் செய்கிறான்"
"21643"	"அழிக்கிறது; தூண்டுகிறது"
"21840"	"சோர்வு அடევს, உட்கொள்வதாக இருக்கிறது"
"21841"	"துன்பத்தில் இருக்கிறது; குழப்பத்தில் இருக்கிறது (என்னுடன்); உடலைக் களைப்பதுபோல"
"21856"	"குறையுறுத்துகிறது; சோர்வில் ஆழ்த்துகிறது; களைப்புக்கு ஆளாக்குகிறது; உடலுக்கு சோர்வு ஏற்படுத்துகிறது"
"22057"	"விளையாடுவது; மகிழ்வில் இருக்கிறது (அண்ணன்மின்)"
"22358"	"கொந்தளிக்கும், தூண்டப்படுகிறது, தொந்தரவாகிறது, விளாசப்படுகிறது (மூலம்), வழிமொழி: குலுங்குகிறது"
"22359"	"செல்லுகிறது, குழப்பப்படுகிறது, உறவிக்கிறது, கோபமாகிறது"
"22368"	"உருவாக்குகிறான்; உருவம் தருகிறான்"
"23320"	"கொள்ளுகிறது; விவிதமாகக் குத்துகிறது; மூலத்தை உடைக்கிறது"
"23486"	"நின்றிருக்கிறது; சகிக்கிறது; ஏற்றுக்கொள்கிறிறது; எதிர்கொள்கிறிறது"
"23487"	"சரியானது, ஏற்றது; யாருக்கும் அரிதாகஇருக்கும், மகிழ்ச்சியைத் தருகிறது; படி நிலை கொண்டு நிற்கிறது"
"23488"	"மன்னிக்கிறான்; மன்னிப்பை ஏற்கிறான் (அது); மன்னிக்கிறான்; உண்மையில் ஸ்திரமாக இருக்கும்"
"23612"	"சேக்கிறது; அடியுறுகிறது; உட்கோண்டும்"
"23641"	"தொடர்கிறதா, இருக்கிறது, காணப்படுகிறது"
"23732"	"வருந்துகிறார்; புகாரளிக்கிறார் (பற்றி)"
"24043"	"செல்கிறான், ஓடுகிறான், நகர்கிறான், சுற்றிக்கொண்டிருக்கிறான், பயணம் செய்கிறான்"
"24044"	"ஆகிறது; கடந்து போகிறது"
"24162"	"எடுத்துக்கொள்கிறான், பிடிக்கிறான், பெறுகிறான், ஞானிக்கிறது"
"24163"	"எடுக்கிறது; ஏற்கிறது; பெறுகிறது; நேரடியாக பிடிக்கிறது"
"24166"	"பிடிக்கும்; கைப்பற்றுகிறது; எடுக்கும்; உண்மையில் பிடிக்கும்"
"24167"	"எடுக்கின்றான்; மீட்டுக் கொள்கின்றான்; விளைவு, பிடிக்கின்றது"
"24168"	"(அறிக்கைகள் பற்றிய) மேற்கொள்கிறது; எடுக்கும்; கவனிக்கிறது; அர்த்தம்: பிடிக்கிறது"
"24169"	"(ஒரு கூட்டுக்கண்ணுக்கான) கையுற்று; எடுக்கிறது; அபினியோகம் ஒடுக்குகிறது"
"24170"	"கிடைக்கிறது; பிடிக்கும்; உருப்பெறுத்து."
"24171"	"எடுக்கிறது; ஏற்றுக்கொள்ளிறது; பெறுகிறது; வற்றுப் படு."
"24446"	"செல்கிறது; ஓட்டுகிறது; செல்வதற்கான காரணமாகிறது; ஆகிறது"
"24447"	"அறிப்படுத்து; அறிவிக்க; ஒளிமயமாக்கு; கொண்டு செல்படுத்துகிறது"
"24491"	"கடுமையாக விமர்சிக்கும்; துஷ்டமாக பேசும்; குற்றம் சுமத்தும்"
"25436"	"முயற்சி செய்கிறான்; முயற்சி செய்கிறான்; உன்னைச் சொடுக்குகிறான் (இல்)"
"25784"	"செங்கடுக்கிறது, மனதுக் கவனத்தில் செங்கடுக்கிறது"
"26276"	"செல்கிறான்; ஓடுகிறான்; சுற்றுகிறது; பயணிக்கிறது; நலமுடன் செல்கிறான்"
"26277"	"செய்கிறது; நடைமுறையாக செயல்படுகிறது; செய்கிறான்; செய்கிறது"
"26278"	"வாழ்கிறது; வாழ்க்கையைத் தகவமைக்கிறது; ஆள்கிறது"
"26349"	"செல்கிறான்; நகர்கிறான்; விழுகிறது (இருந்து)"
"26350"	"களைத்திருக்கிறது; இறக்கிறது"
"26507"	"கூழ்ந்து விழ வைக்கிறது; வீழ்ச்சிக்கு காரணமாகிறது (இருந்து)"
"26508"	"இறக்கிறது; மாற்றுகிறது; அசடுக்கிறது (இருந்து); பாதிப்பு ஏற்படுத்துகிறது; விளையாட்டாக தவிக்க வைக்கிறது"
"27087"	"மாறுகிறது; பரிமாற்றம் செய்கிறது; வர்த்தகமாவது செய்கிறது; வாங்குகிறது (கட்டாயமாக)"
"27110"	"சிந்திக்கிறான் (பற்றி)"
"27111"	"சிந்திக்கிறது; உணர்ச்சி குறிக்கிறது (அதற்காக)"
"27211"	"குற்றம் சுமத்துகிறது; குற்றம் சாட்டுகிறது; பழி கூறுகிறது"
"27328"	"எறிக்கிறான்; கைவிடுகிறான்; வீசுகிறான்; புறக்கணிக்கிறான்"
"27329"	"வெள்ளுகிறது; வீணாகிறது; வெள்ளி விடுகிறது"
"27330"	"உதிர்க்கிறது; தூய்மைப்படுத்துகிறது; இலகுவாக இழுக்கிறது"
"27646"	"ஆழ்ந்துவிடிற்று; துண்டிக்கும்"
"27647"	"துண்டுகளை உருவாக்குகிறது; விசிறுகிறது"
"27648"	"மரத்திற்காக) வெட்டுகிறது; (ஏதாவது ஒன்றை) மணிக்கிறது"
"27708"	"செல்லுகிறது; தொடர்பு கொள்ளிறது"
"27921"	"உருவாக்குகிறது; உற்பத்தி செய்கிறது; மசாலையாக பிறப்பிக்கிறது"
"28072"	"சுடுகிறது; எரிகிறது; ஒளிர்கிறது"
"28132"	"விலக்குகிறான்; விலையளிக்கிறான்; தள்ளி விடுகிறான்; வாடைகிறான்"
"28133"	"மறைந்து விடுகிறது; விலக்குகிறது; இனிமேல் இருக்கவில்லை"
"28313"	"அறிகிறது; புரிகிறது"
"28314"	"அறிகிறான் (மனிதன்), தெரிகிறான் (மனிதன்)"
"28315"	"கண்டுபிடிக்கிறது; கற்றுக்கொள்கிறது; அறிகிறது (இப்போது)"
"28323"	"நான் அறிவேன்; புரிந்துகொள்கிறேன்; உணர்கிறேன்"
"28352"	"பிறக்கிறது (இல்); உருவிக்கிறது (முதல்)"
"28353"	"உதயமாகிறது; உற்பத்தி ஆகிறது (குறிப்பாக)"
"28422"	"வெறுக்குகிறான்; அவன் வெறுக்கப்படுகிறது (பெரும்பான்மையால்); கெட்டவிதமாக்கப்படுகிறது (இது); வெறுக்கும்; அவனை முற்றாக அசர்த்துகிறது (பிடியக் கொண்டு); உருப்பேற்ற வேண்டி விரும்புகிறது"
"28546"	"குறைவாகிறது; சுருக்கம் ஆகிறது; குறைவாகக் கொள்கிறது; இழக்கிறது"
"28547"	"வயிற்று; முதிர்ச்சி; முதிர்கிறது"
"28548"	"சேலாய்வது; அடிமானது; இழப்பு இழக்கிறது (இல்)"
"28580"	"வாழ்கிறது"
"28581"	"செய்கிறான், வாழ்கிறான், உள்ளது, ஜனிக்கிறது, ஆதிக்க நடைமுறை."
"28812"	"சிந்திக்கிறது; சிந்திக்கிறார்"
"28813"	"தியானிக்கிறது; உளவுத்திறனாக உணர்கிறது; செலகாக சிந்திக்கிறது"
"28814"	"உதயமாகிறது; அடிக்கடி சிந்திக்கிறது; மனவண்ணத்தில் கீற்று உள்ளதைப் பார்க்கிறது"
"28815"	"எரிகிறது; ஒளிர்கிறது (இல்)"
"29009"	"காலத்தை நீடிக்க வைக்கிறது; நிலையாக இருக்க வைப்பது; எழும்ப வைக்கிறது"
"29010"	"அக்கறை உருவாக்குகிறான்; என்றால் நேரில் நின்று; எளிதாக நின்றதாக;"
"29011"	"பணியமருத்துவிக்கிறான்; நிறுவுகிறான்; அமைக்கிறான்; (ஒருவரை ஒரு நிலைமையில்) வைக்கிறது; விளக்கமாக, நிறுதல் செய்கிறான்"
"29012"	"பலவிதமாக விலக்குகிறது; ஒருபங்காக வைக்கிறது; பொருள் பராமரிக்க வைத்தல்"
"29013"	"நின்று வைக்கிறான்; நிரத்துகிறான்; நிற்க்கிறான்; நேராக நிறுத்திவிடுகிறான்"
"29134"	"எரிகிறது; கொதிக்கும் (வினை); தீயில் உள்ளது"
"29145"	"குள்ளே சம்பவிக்கிறது; தீ விதிக்கிறது (க்கு); எரிக்கிறது"
"29388"	"தாகம் அடைகிறான்; ஆசை அடைகிறான்"
"29909"	"ஒளிர்கிறது; சுடுகிறது; களஞ்சலம்; கற்கிறது"
"29910"	"சுடுகிறது; எரிக்கிறது"
"30087"	"கடந்து செல்கிறது; செல்வத இருக்கு"
"30088"	"சுருக்கமாக செல்கிறான்; ஓடுகிறான்"
"30288"	"காக்கிறது; பாதுகாக்கிறது; காத்து கொள்ளுகிறது"
"30486"	"நிற்கிறது"
"30487"	"நிறுத்துகிறது; வாழ்கிறது (இல்)"
"30488"	"திடமாக இருக்கிறது; நிலைத்திருக்கும்; நீடிக்கிறது; ஏற்றுரை: நிற்கிறான்"
"30489"	"உள்ளது; வழிநடத்தப்படுவது."
"30930"	"உயிர்த்துக்கொள்கிறது; முடிக்கிறது; நிறைவுசெய்கிறது"
"30931"	"ஆழ்ந்த கூடுதல்; ஆராய்கிறது; விசாரிக்கிறது (ஒன்றை ஆதாரமாக)"
"31234"	"அங்கு செல்கிறான்; அந்த இடத்தைச் சார்ந்து வருகிறது"
"31688"	"பார்க்கிறது; கண்டுபிடிக்கிறது"
"31832"	"இளனிக்கிறது, தான் வழங்குகிறது, தானம் செய்கிறது, அனுமதிக்கிறது (அதிகாரம் அளிக்கிறது)"
"31979"	"நான் தருகிறேன்; நான் தர வேண்டும்; நான் தருவேன்"
"32105"	"பொதுவாக நிறைவு காணும் இயல்பான குறியீடு; உண்மையில் காண்கிறான் அல்லது பார்கிறான்"
"32155"	"காணக்கூடும்; காட்டுகிறது; வெளிப்படுத்துகிறது; சமர்ப்பிக்கிறது; எழுத்தில், காணவேண்டும் என்பதைக் காரணமாக்குகிறது"
"32178"	"எண்ணுகிறான்; எடுப்பான்; மதிக்கிறான்; பொருளாதாரமாக வைத்திருக்கிறான்"
"32179"	"காவிக்கிறது; எரிகிறது"
"32180"	"உறுதி செய்கிறது, எரிக்கிறது"
"32196"	"கணக்கில் எடுப்பது, எடுத்துக் கொள்ளுதல், மதிப்பீடு செய்வது, உண்மையில் வைக்கிறது"
"32614"	"ஒளிர்கிறது, பிரகாசிக்கிறது"
"32615"	"விளையாடுகிறது, சந்தோஷமாக இருக்கிறது, மகிழ்ச்சிக்காக (பால்)"
"32668"	"காணப்படுகிறது; காணப்படுகிறது; வெளிப்படுத்தப்படுகிறது"
"32669"	"காணப்படுகிறது; வில. காணப்படுகிறது"
"32670"	"காணப்படுகிறது; ஆழமாக, காணப்படுகிறேன்"
"32671"	"கண்காணிக்கிறான், காண்கிறது, பார்க்கிறான், தெரிகிறது, கண்டுபிடிக்கிறான்"
"32827"	"விளக்குகிறது; சிற்பமாக்கிறது; ஒளி வீசுகிறது; ஆதாரமாக ஒளிர்கிறது"
"33953"	"அன்பிக்கிறது; வழங்குகிறது; சலுகை செய்கிறது; கையளிக்கிறது (க்கு)"
"33954"	"அனுமதிக்கிறது; அனுமதிகள் (க்கு); ஏற்றுக்கொள்ளுகிறது; சுருக்கமாகக் கொடுக்கிறது"
"34002"	"சுவாரஸ்யமாக கூறுகிறான்; ஒப்புக்கொள்கிறான் (க்கு)"
"35104"	"கிடைக்கிறது; வைத்திருக்கிறது; எடுத்து செல்கிறான்"
"35105"	"எடுத்துக்கொள்ளுதல்; கருதுதல்; நம்புதல்; நினைவில் வைத்திருத்தல்; கொண்டிருத்தல்"
"35127"	"கொன்டைக்கிறது; ஏற்கிறது"
"35128"	"நினைவில் காக்கின்றது; நினைவில் வைத்துள்ளது; நினைவில் வைத்துக்கொள்கிறது (என்று); பேராசு."
"35129"	"உள்பட்ட கடனை (க்கு) செலுத்துகிறான்; நேரடியாக வைத்துக்கொள்ளுகிறான்"
"35130"	"அணிகிறான்; அணிகிறான் (இல்); உடனே எடுத்துச் செல்கிறது"
"35131"	"கவனம் செலுத்துகிறது; ஏற்கிறது (தொகுப்பாக); குறியாக்கம் கொண்டு செல்கிறது"
"35305"	"சுத்தம் செய்கிறது; அடிப்புறம் செயல்படுத்துகிறது; கழிக்கிறது"
"35312"	"சுத்தம் செய்கிறான்; சுத்தம் செய்ய வைக்கிறான்"
"35387"	"ஏற்கোনা, பொருத்தமல்ல."
"35540"	"இல்லை, அது இல்லை, இல்லை, இல்லை, ஒன்றும் இல்லை"
"35541"	"இன்னும் இல்லை, இனிமேல் இல்லை"
"35552"	"இது இல்லை; அங்கு இல்லை; எதுவும் இல்லை; எதுவும் இல்லை"
"35556"	"சமிரிக்கிறான்; வாய்க்கிறான்; மின்னிக்கிறான்"
"35557"	"தூண் செய்கிறது; பொருளாக குரல்கொள்கிறது"
"35611"	"மகிழ்ச்சி அடைகின்றான், மகிழ்ச்சி தருகிறது, விரும்புகிறது, உற்சாகமாக்குகிறது"
"35743"	"கவனமாகவும் இருக்கிறது; நிர்வாகமாகவும் இருக்கிறது; நேரத்தை வீணாவது செய்கிறதில்லை"
"35744"	"மறுக்காது; தவிர்க்காது; உட்கொள்ளாது"
"35749"	"நம்பிக்கையைப் பெறவில்லை; அவண்ணப்படுகிறது; முன்னே இருக்காது"
"35774"	"வளைத்துக் கொள்ளுகிறது,傾斜த்துக்குப் போகிறது, கிழிக்கிறது"
"35775"	"தாழ்வுகிறது; பரிவுடன் நடிக்கிறது; பூஜிக்கும் (எவருடன்); கொரோசை என்பது."
"35782"	"பணிபிலக்கிறார்; மதிக்கிறார்; மதிப்புறுத்துகிறார்; கௌரவிக்கிறார்; தெளிவாகக்கு முன்னணியில் தொண்டு செய்கிறார்"
"35875"	"இறக்கிறது; முடிவடைகிறது; அழிக்கப்படுகிறது; வெளிச்சமாக நிரம்பி வருகிறது"
"35876"	"இழக்கப்படுகிறது; மறக்கப்படுகிறது (கால்); எழுதப்பட்டு மற்றும் கரைந்திருக்கிறது"
"35877"	"இழந்துபோகவாகிறது; வீணாகிறது; நிலைத்துவிடவில்லை; எரியும்."
"35986"	"ஊறுகிறான்; குளிக்கிறான்; கழுவுகிறான்"
"36213"	"அழகாக அடையாது, பெறாது, காணாது, பெறாது, கிடைக்காது, தோன்றுகிறது, வந்துவிட்டது"
"36217"	"மிகவும் ஈர்க்கப் படுவதில்லை, நோக்கிப் பார்த்து இழுக்கப்படுவதில்லை, சிறு நுணுக்கத்திற்கு இட்டி நிற்கவல்லது இல்லை."
"36218"	"தெரிவான முடிவை எடுப்பதைவிட முடியாது; தீர்க்கப்படவில்லை (பற்றி)"
"36220"	"சேமிப்பதில்லை, ஏற்கவில்லை, துணியவில்லை, விளிம்பில் வாழ வைக்கவில்லை"
"36326"	"உள்ளாதே, வழங்காதே, ஒப்புக்கொள்வதில்லை"
"36354"	"ஒரு விஷயத்தின்(விஷயத்தைப் பற்றி) கீழே இருக்காது; உள்ளிருக்காது; அடிப்படையாக இருக்காது; தூங்கடிக்காது; விளக்கமாகக் கூடியது இல்லை."
"36355"	"ஒருவருக்கு உட்பட்டது இல்லை; முன் நினைவில் இல்லை; விருப்பம் இல்லை; தரையில் படப்பதில்லை"
"36397"	"அனுபவிக்கவில்லை; சந்தோசம் பெறவில்லை; வலியால் துன்பப்படவில்லை; உண்மையில் முழுதாக அறிவதில்லை"
"36398"	"நினைவில் இருக்கவில்லை; மறக்கவில்லை; அகமா முழுமையாக அறியவில்லை"
"36402"	"வருந்தவில்லை, மகிழாமல் இருக்கிறாள், மகிழ்வு பெறவில்லை"
"36403"	"விரும்பவில்லை; ஒளியைப் பற்றி நுகர்வதில்லை; ஆசைப்படவில்லை"
"36419"	"வரவேற்கவில்லை"
"36714"	"விலக்குகிறது; வெளியே எடுப்பது; நீக்குகிறது (இலக்கு); உண்மையில் இழுத்து எடுக்கும்"
"36717"	"கட்டுப்படுத்துவது; வெளியே தள்ளுகிறது (இலக்கு); உண்மையில் இழுத்து வெளியேற்றுவது"
"36768"	"வெளியுறுகிறது; வெளிப்படுகிறது; விலகுகிறது; வெளியேறுகிறது"
"36769"	"செல்கிறான், வீட்டை விலக்குகிறது, வெளியில் செல்கிறது"
"36802"	"தள்ளுகிறான்; வெளியேற்றுகிறது; விடுகிறது"
"36803"	"விடுகிறது, வைக்கிறது, நிலையாகவைக்கிறது, சொற்பகுதியில் வீசுகிறது"
"36804"	"விடுகிறான்; ஒலிக்கிறான்; பாதுகாக்கிறான்; சேமிக்கிறான் (எதையாவது); மாறாக வீசுகிறான்"
"36842"	"கேவலமாக (மோசமானது) துன்பப்படுகிறார்; அனுபவிக்கிறார்; எதிர்கொள்கிறார்; விழுகிறது; எனவே கீழே போகிறார்"
"36875"	"முடிக்கிறது; நிறைவளிக்கிறது; சுருக்கமாகக் கூறுகிறது; நேரடியாகக் கீழே இறக்குகிறது"
"37365"	"கிடக்கிறான்; ஓய்வுறுகிறான்"
"37366"	"நிமிர்கிறது, உறங்குகிறது, தூங்குகிறது, களைப்பில் உள்ளது, கவுனத்தில் உள்ளது"
"37679"	"நிறுத்தப்படுகிறது, வேறு மனப்பாடம் உடையதாகும், அசாதாரணமானதாக இருக்கிறான், உள்நடுவரும், ஆர்வமின்றி இருக்கிறான்"
"37680"	"கைவிடுகின்றது; மறந்து செல்கின்றது; தனியாக விட்டுவிடுகிறது"
"37749"	"அனுமதிக்கிறார்; அழைக்கிறார் (க்கு)"
"37937"	"செல்லுகிறது; வெளியேறும் (இருந்த); விலகுகிறது"
"37938"	"எடுக்கிறான், வெளியே செல்கிறான்"
"38062"	"கரைக்கிறது, முடிக்கிறது, நிறுத்திக்கொள்கிறது, நிற்கிறது, மறைந்துவிடுகிறது, அட்டணியில் பூட்டி விடுகிறது"
"38204"	"டிக்கிறான், அமர்கிறான்"
"38572"	"எடுத்துக்கொள்ளப்படுகிறார்; தவறாக எடுத்துக்கொள்ளப்படுகிறது; வழிமறிக்கையால் எடுத்துக்கொள்ளப்படுகிறது; விளையாடப்படுகிறது (அடுத்து)"
"38573"	"இடம்வழிநடத்தப்படுகிறான்; வழிகாட்டப்படுகிறான் (மூலம்)"
"38574"	"செல்வது, நிற்கிறது, வெளியேறுகிறது, விடுதலை கிடைக்கிறது (இல்); சொல்கிறது."
"38575"	"எடுத்துச் செல்கிறான்; வெளிப்புறம் செல்கிறது"
"38680"	"உயர மாட்டாது; தோன்ற மாட்டாது; ஒளிர் மாட்டாது"
"38743"	"வழிநடத்துகிறது; அழிக்கும்; எடுக்கிறது"
"38744"	"தீர்மானிக்கிறான்; புரிகின்றான்; எடுத்து நடக்கிறான்; ஒளிப்பாட்டிற்காக வழி நடத்துகிறான்"
"38745"	"உள் சென்று சேராது; கொடியுள் செல்லாது"
"38832"	"ஒருவன் தன்னை புகழ்வதும் (ஏனையால்); ஒருவன் தன்னை உயர்த்துவதும் (ஏனையால்) இல்லை."
"39021"	"மேற்காட்டுகிறது, சொல்லுகிறது, தெளிவாகக் கூறுகிறது, அதன் பொருள் முன் வெளிப்படுத்துகிறது"
"39022"	"விளக்குகிறது; எடுத்துக்காட்டுகிறது; ஒளி அளிக்கிறது; வெளிப்படுத்துகிறது; கற்கவைக்கிறது; வெளிக்காட்டுவதில் ஒளிர ஆரம்பிக்கிறது"
"39023"	"ஒளிர்கிறது; பற்று விடுகிறது; இலக்கணம் கொண்டு ஒளிர்வதை ஊட்டுகிறது"
"39074"	"செல்கிறான், ஓடுகிறான், விடுகிறான் (ஒருவரிடமிருந்து)"
"39075"	"முன்னேறுகிறது, முன்னேறுகிறது (இன்னும்)"
"39076"	"தாக்குகிறது; வழக்குத் தொடர்கிறது; தண்டனை விதிக்கிறது (மேலிருக்கும்); அகர வருகிறది"
"39113"	"இதனை எடுத்துக் கொள்கிறான்; இதனை பெற்று கொள்கிறான்; நம்பிக்கையைப் பெற்று கொள்கிறான்; ஊக்கமூட்டம் அடைகிறார்; ஆர்வமாக இருக்கிறான்; உயிராக முன்னேறுகிறது"
"39114"	"பார்வையில் முன்னேறுகிறது; ஏற்றுகிறது; தொடங்குகிறது (உள்ளே); சிவப்பு செங்கொக்கு."
"39149"	"வெளியில் செல்கிறது; அடிக்கிறது; இடுக்குகிறது"
"39150"	"வாங்குகிறது, உள்ளேச் சேர்க்கிறது, இன்கவிக் செய்கிறது, எடுத்தவாறு வீசுகிறது"
"39191"	"எடுப்பது, நட்பு கொள்ளுதல், முன்னுக்கு பிடிக்கிறது"
"39192"	"தாங்குகிறான்; உயர்த்துகிறான்; கருத்தில் முன்வைக்கிறது"
"39193"	"உயிரோடு செயல்படும், முயற்சிப்பது, சென்றடைவது, முயற்சிக்கின்றது, கடுமையாக அடியோட்டம் செய்கிறது"
"39194"	"உதவி செய்கிறது; ஆதரவளிக்கிறது; மேம்படுத்துகிறது; முன்னேற்றுகிறது; அருகில் பிடிக்கிறது"
"39299"	"தள்ளிக்கொள்கிறது; மறுக்கிறது; வெளியேற்றுகிறது; வெறும் எதிராக பேசுகிறது"
"39349"	"அனுபவிக்கிறது; அனுபவத்தைப் பகிர்ந்து கொள்கிறது; அனுபவத்தில் பங்கேற்பது"
"39350"	"உறுதி செய்கிறான்; மகிழ்ச்சி அடைகிறான்"
"39425"	"பார்க்கின்றான்; மறுபார்க்கின்றான்; மதிக்கின்றான்; தாக்குகிறான்; கருதுகிறான்; நோக்குகிறான்; இறுதியாகப் பின்னாடி நோக்குகிறான்"
"39451"	"தள்ளிக்கேட்கிறது; நிராகரிக்கிறது; உடைத்துவிடுகிறது"
"39454"	"மீண்டும் பிறக்கிறது; பிறப்பதாகும் (இல்)"
"39477"	"வாங்கி வருகிறது; திரும்பி வருகிறது"
"39683"	"விலக்கிறது; கைவிடுகிறது; விடும் (இலக்கணத்தில்); வெளியேற்றுகிறது; எனினும் போலவே விலக்குகிறது"
"39702"	"அறிகுறி, தெளிவாக தெரிகிறாள், வடிக்கும், வேறுபடுத்துகிறான்"
"39746"	"வாய்ந்து கொள்ளுகிறான்; கவலைப்படும்; அக்கறை கொள்கிறான்; மீறப்படுகிறான்"
"39984"	"கற்பிக்கிறது; போதிக்கிறது; அறிவிக்கிறது; நிலைத்த, அறிவாற்றலைக் கொண்டுவிடுகிறது"
"39985"	"வரையறுக்கிறது; கூறுகிறது; உறுதிப்படுத்துகிறது; அறிவிக்கிறது; உண்மையில் அறிவைப்பதற்காக பலப்படுத்துகிறது"
"40048"	"கற்பிக்கிறான்; போதிக்கிறான்; அறிவிக்கிறான்; எழுத்து: அறிவதற்கு காரணமாகிறது"
"40049"	"வரையறுக்கிறது; தெரிவித்துள்ளது; உறுதிப்படுத்துகிறது; அறிவிக்கிறது; ஒளித்தமிழில் அறிவுக்கு காரணமாக இருக்கிறது"
"40050"	"தெரிகிறது, அதைக் கண்டுபிடிக்கிற்று"
"40051"	"இறகு, நீர் போன்றவற்றின் பொருட்டு) ஏற்படுத்துகிறது; வெளியில் வைத்திருக்கிறது; நேரடியானதாக அறிவதற்கு காரணமாக்குகிறது"
"40052"	"(ஒரு விதி பற்றி) வடிவமைக்கிறது; கட்டாயமாக அமைக்கிறது; அறிவிக்கிறது; அறிவுறுத்துகிறது; இலக்கியமாக அறிந்து கொள்ள எழுப்புகிறது"
"40072"	"செல்கிறது, தெளிவாக அறியப்படுகிறது; தெளிவாக தெரிந்து கொள்ளப்படுகிறது; உணரப்படுகிறது; இருக்கிறது; சொற்பமாகச் சொல்லியால் அறியப்படுகிறது"
"40073"	"அறிக்கையிடப்படுகிறது; அனுமதிக்கப்படுகிறது (தற்காலிகமாக); அறியப்படுகிறது"
"40074"	"சிறப்பாக அறியப்படுகிறது; முறையாக அங்கீகரிக்கப்படுகிறது (அவரால்); வெளிப்படையாக அறியப்படுகிறது"
"40076"	"என்மேல் நிகழ்கிறது, என் மீது ஏற்படுகிறது, என்னுள் உள்ளது, தெரியப்படுகிறது"
"40200"	"மன்னிக்கிறது; சரக்கிறது; பழுதுபார்த்தல்; திருத்துகிறது; தங்களை திருத்துகிறது; மொருமொழியாக, பின்னே செய்துவிடுகிறது"
"40201"	"நல்ல முறையில் செயல்படுகிறான்; எதிர்மறை மீண்டும் செய்கிறான்; தர்க்கமாக பதிலளிக்கிறான்; ஒளிவீசுகிறது."
"40244"	"திரும்பிறது; வந்து கொண்டுவருகிறது (இயற்கலைப் பற்றி); வார்த்தியாக, திரும்புகிறது"
"40245"	"அடுக்கிக்கொள்கிறான்; பின்னே செல்கிறான்; திரும்புகிறது (அங்கே இருந்து); அடிப்படையில், వెనక్కు செல்கிறது"
"40246"	"கூடலோடு, வலி குறைந்து கொண்டிருக்கிறது; பின்னடைந்து கொண்டு இருக்கிறது; மேம்படுத்தப்படுகிறது; யதார்த்தமாக, மாறிக் கொண்டு இருக்கிறது"
"40247"	"செல்வது; மறுப்பது (இல்); அர்த்தம், மீண்டும் செல்வது"
"40333"	"கற்பது; ஏற்றுக்கொள்ளுதல்; பெறுதல்; மறுபடியும் பெறுதல்"
"40439"	"ஒப்புக்கொடுக்கிறது; ஒப்புக்கொள்கிறுது; உறுதிப்படுத்துகிறது; தொலைநோக்கி அறிவது"
"40440"	"இறைகிறது; முழுமையாகத் தெரியும்"
"40441"	"அவ்வாறு கூறுகிறான்; தன்னை இணைக்கிறான்; எண்ணுகிறான்; ஆழமாகப் புரிந்துபோகிறான்"
"40499"	"விலக்குகிறது; விட்டுவைக்கிறது; களிகிறது; காலி செய்யுகிறிறது"
"40521"	"பாதையை பின் செல்கிறான்; பயணம் செய்கிறான்; பயணிக்கிறான்"
"40522"	"மூன்றுகட்சி; செயல்முறை பின்பற்றுகிறது; வழிமுறையை பின்பற்றுகிறது"
"40523"	"செல்லுகிறார், நடந்துகொள்கிறார்"
"40604"	"கேள்வி உப்படுகிறது; கேள்விகள் (எவரிடமாவது)"
"40633"	"மிருதுவாகும்; இறுக்கமாகும்; மண்டியிடும்; குறைந்து போகும்; உருகுகிறது."
"40634"	"இறக்கிறது; அமைதியாக இருக்கிறது; குறைகிறது; உண்மையில் திரும்ப அமைதிபடுகிறது"
"40635"	"(ஒரு நோயின்) மயங்கிய, குறையாத, காணாமல் போய்ந்த, அங்கு மீளும்"
"40689"	"விளக்கமாக நினைவில் வருகிறது; நிகழ்கிறது (இவருக்கு); உலகத்தைச் செய்ய செய்யும் (யாருக்கையாவது); உட்பட ஒளிர்கிறது"
"40774"	"பெறுகிறது; கடந்து செல்கிறது; அனுபவிக்கிறது; தனியாக சந்திக்கிறது"
"40815"	"தொல்குகிறது; கவனிக்கிறது; நீதி செய்கிறது"
"40893"	"தொகுப்பில் அனுபவிக்கிறான்; எதிர்கொள்கிறான்; உணர்கிறான்; சொல்கிறது திரும்ப அறிவிக்கிறது"
"40898"	"தனிப்பட்ட அனுபவிக்கிறது; எதிர்காண்கிறது; உணர்கிறது; ஒளிர்வதற்காக அறிவிக்கிறது"
"40945"	"அருவினை அனுபவிக்கிறது; நகைப்பது;ப் பற்றியதில் ஈடுபடுகிறது; சார்ந்தது"
"40946"	"பயன்படுத்துகிறது; பயன்படுத்துகிறது (இலக்கணம்); விளக்கம்."
"40947"	"அனுபவிக்கிறான்; உரிமை கொள்ளுகிறான்; துன்பப்படுகிறான்; அறிகுறி பெறுகிறான்; உண்மையில் தொடர்பு கொள்ளுகிறான்"
"40948"	"வர இருக்கிறான்; அடிக்கடி வருகிறான்; (இல்லையில்) வாழுகிறான்; (பொதுவாக) சேர்ந்துகொள்கிறான்"
"40999"	"வாழ்கின்றான், இருக்கின்றான், தங்குகின்றான்"
"41135"	"நிறுத்துகின்றது; முன்வைக்கிறது; கொண்டுவருகிறது; அறிவிக்கிறது; வெளிப்படுத்துகிறது; நேரடி, முன்வைக்க அதை நிலைத்திருக்கும்"
"41137"	"வைக்கிறான்; வடிவமைக்கிறான்; வழங்குகிறான்; இட்டு வைக்கிறான்; காலத்துக்கு முன் நிற்கிறதாகச் செய்கிறது"
"41754"	"அறிகுறி செய்கிறான்; நிறுவுகிறான்; ஒப்புக்கொள்கிறான்; ஏற்கிறான்; எதாவது ஒன்றுக்கு நிலை நிற்கிறது; எழுந்து நின்றது"
"41755"	"நின்று கொண்டிருகிறது (இல்); தொடர்ந்திருக்கிறது (உடன்); நிலைத்திருக்கிறது (இல்); உண்மையில் பின்னே நின்றிருக்கிறது"
"41767"	"இருப்பதற்கு அமைக்கிறது; வழங்குகிறது; கொடுக்கிறது; நன்கொடு செய்கிறது; எளிதில் பின்னுக்கு நிறுத்துகிறது"
"41768"	"நீட்டுகிறது; வைக்கிறது (மேல்); எளிதில் மீண்டும் நிலைத்த நிலையில் நிறுத்துகிறது"
"41769"	"(விதை) நடுகின்ற (இல்); உள்கட்டிடம் கொடுக்கிறது"
"41770"	"நிறுத்துகிறது; உறுதியாக நிலைக்கச் செய்கிறது (இல்); மெய்க்கருத்தில் மீண்டும் நிறுத்தக் காரணமாக செயல்படுத்துகிறது"
"41771"	"விக்கிரியை நோக்குகிறது; குறிக்கோளாகக் காட்டுகிறது; சுடுகிறது; அல்லது, திரும்ப முன்னேற்றும்போல ஆக்கும்"
"41979"	"மனதிற்குள் விருப்பம் செலுத்துகிறது; ஆசைப்படுகிறது; அடிக்கடி விரும்புகிறது; இதயத்தை அமைக்கிறது; வெளிப்படையான முறையில் விரும்புகிறது"
"42110"	"முயற்சிக்கிறான்; கடின விசாரிக்கிறான்; தன்னை நெருக்கமாக எடுத்துக்கொள்கிறான்; முயற்சிக்கிறான் (உடன்); நேர்மறையாக முன்னிலைப்படுத்துகிறான்"
"42294"	"இழக்கப்படுகிறது; அழிக்கப்படுகிறது; அழிந்துபோவதாகும்; சீர்ச்சிதறும்"
"42404"	"பதிந்து விடுகிறது; கடந்து விடுகிறது; கீழே விழுகிறது"
"42405"	"வீழ்கிறது; மேலுக்கு விழுகிறது; அணிந்து விழுகிறது; (கொள்ள) விழுகிறது"
"42469"	"மன்சங்கல்டாக்குகிறான்; வீட்டுக்கூட்ட வாழ்க்கையை விட்டுவிடுகிறான்; உண்மையில் புறப்பாடு அடைகிறான்"
"42527"	"வளருகிறது; செழிக்கிறது; பெருக்குகிறது"
"42544"	"இழக்கிறார்; வெளியேற்றுகிறார்; அகற்றுகிறார் (இவரிடமிருந்து); உருவில் வெளியே செல்ல செய்வது"
"42545"	"வழங்குகிறார்; பிக்குவாகவும் சமயபண்ணுகிறார்; ஆர்டர் செய்யக் குறிக்கிறார்; வெளிக்குச் செல்ல அழைக்கிறார்"
"42802"	"அவர்களுடன் நெருங்கி சேர்கின்றான்; எவற்றுக்குத் அருகில் கவனமாக அமர்கின்றான்; திருவடி அர்ப்பணிக்கின்றான்; சற்றே அருகில் அமர்கின்றான்"
"42803"	"சேகிக்கிறார்; மதிக்கிறார்; மதிப்பளிக்கிறார்; அர்த்தம்: அருகில் அமர்கிறார்"
"43115"	"தொட்டுகிறது; மலரும்; வாழ்கிறது"
"43116"	"கட்டுகிறான்; பிடிக்கிறான்; உறுதியாக ஒட்டுகிறான்; இணக்கமாக்குகிறது"
"43319"	"செல்கிறான்; கவனம் செலுத்துகிறான்; பராமரிக்கிறான்; நடைபோட்டுத் தின்போது"
"43320"	"தூபிக்கிறது; கவனிக்கிறது;க்குடுக்கிறது; மாசு மண்டல ஜீவிகளை சுற்றி நடக்கிறது"
"43321"	"சந்தோசம் அடைகிறது; பரவக் களிப்பு; பாலியல் தொடர்பு கொண்டது; சொல் பாவமாக சுற்றித் திரிகிறது"
"43340"	"சந்தோஷமாக இருக்கிறான்; மகிழ்கிறான்; அதிகமாகப் பிறந்திருக்கிறான்; விலக்கிக் கொண்டு நடப்பிக்கிறது"
"43341"	"சுற்றுகிறான்; பொழுதுபோக்குகிறது (உண்மையில்); சுற்றிக்கொண்டுவரக் காரணமாக்குகிறது"
"43342"	"சேவை செய்கிறான்; பங்கேற்றுக் கொள்கிறான்; காத்திருக்கிறான்; விளக்கமாகச் சுற்றிக்கொண்டு நடைப்பெறச்செய்கிறான்"
"43389"	"முழுமையாகப் புரிந்துகொள்கிறான்; சரியாகப் புரிந்து கொள்கிறான்; எவ்வளவோ நன்றாக அறிவான்"
"43463"	"அருந்துகிறது, உதிர்ந்து படர்கிறது, இழுக்கிறது, பதட்டமுற்று உள்ளது, வேதனை அடைகிறது, சுற்றிலும் குலுக்கிறது"
"43475"	"சுடுகின்றது; எரிந்தது; வறுத்து விட்டது; கருக்கரைபடுத்துகிறது"
"43476"	"காயப்படுத்துகிறது; தீண்டுகிறது; திற்கிறது; வலி ஏற்படுத்துகிறது; அனைத்குறிப்பிடுகிறது (அனைத்தும்)"
"43539"	"சோகிக்கிறான்; கண்ணீர் உருக்கிறான்; வேதனை கேடு செய்கிறான்"
"43577"	"(அற்ஹந்தின்) கடைசி மரணம் அடைகிறது; இறுதி விடுதலை அடைகிறது; முழுவதும் எரியும் இழக்கிறது"
"43578"	"மனதின் மாசு (இலக்கணம்) முற்றிலும் உதிர்க்கப்படுகிறது; முற்றுமுழுதாக விடுதலைக்கப்படுகிறான்; முற்றிலும் குளிர்ந்துள்ளது; அடிப்படையில் முற்றிலும் கொளுத்தப்படுகிறது"
"43595"	"(ஒரு ஆரஹந்தை பற்றிய) தனது இறுதியான மரணத்தை வளர்க்கிறார்; இறுதி விடுதலை அடைகிறார்; அகவனையாக முற்றிலுமாக அணிக்கும்"
"43711"	"முழுமையாக அழிக்கும்; அறிவுடையதாக படம் காட்டுகிறது; மயக்கமாக்குகிறது; பொருள் அனைத்து ஓரங்களில் நிரப்புவதற்கு உண்டாக்குகிறது"
"43712"	"பெருகுகிறது, நிறைந்திருக்கிறது, உட்கூறுகிறது, எல்லா வாழ்விலும் நிறைவேற்றுகிறது"
"43713"	"நிறைவூட்டுகிறது; நிரப்புகிறது; நிறைவேற்றுகிறது; முற்றிலும் நிரப்ப வைக்கிறது"
"43719"	"நிறைவூட்டுகிறது; ஊடுருவுகிறது; கடந்து செல்கிறது; முற்றிலும் கலக்கிறது; எங்கும் பரவுகிறது"
"43737"	"சுற்றிக்கொண்டு செல்கிறான்; பயணம் செய்கிறான்; தனது வாழ்க்கையை வாழ்கிறான்; வீரம் மனமுடைந்த மக்களின் வாழ்க்கையை வாழ்கிறான்"
"43738"	"ஓடுகிறது; தப்புகிறது; கைவிடுகிறது"
"43793"	"அவமணிக்கிறது; இகழ்கிறது; நிந்திக்கிறது; கெட்ட சொற்களால் பேசுகிறது; என்றால் அனைத்து சரியாக பேசுகிறது"
"43815"	"பயன்படுகிறது; பயன்படுத்துகிறது; இலக்கணம் முழுவதும் பயன்படுத்துகிறது"
"43816"	"சேமிக்கிறது; உண்ணுகிறது; ஒட்டுமொத்தமாகப் பயன்படுத்துகிறது"
"43859"	"ரித்துகிறது; அவ்வாறு உருக்கு; தழுவுகிறது"
"43860"	"சேதிக்கிறது; அழிக்கிறது"
"43891"	"தட்டுகிறது; பரிசுத்தமாக்குகிறது; உரம் பார்க்கிறது"
"43900"	"முழுதானும் விடுவிக்கப்படுகிறது; முழுதானும் சுதாந்தமாக இருக்கிறது; விலகுகிறது (இயல்பாக)"
"43955"	"சொல்லப்படுகிறான்; முடிவதிற் செல்கிறது; வெளிப்படையாகச் சுற்றி எடுத்துக் கொள்கிறான்"
"43966"	"அவனைப் பார்த்தால், நன்கு கற்றுக்கொள்கிறது; திறம்பட கற்றுக்கொள்ளுகிறது; நன்கு புரிந்துகொண்டிருக்கிறது; முழுமையாக அடைகிறது"
"44012"	"தேடுகிறது; விரும்புகிறது; தேடியே வருகிறது; தேடுகிறது (காண); விரிவாக தேடுகிறது"
"44064"	"முடிக்கிறான்; முடிவெடுக்கிறான்; நிறைவுக்கொண்டு வருகிறது; சுற்றிவளைப்போ முழுவதுமாக முடிக்க செய்யும்"
"44094"	"திரவமாக்கிறது; ஊறுகிறது; நனைத்துக்கொள்கிறது; பரவுகிறது; சுற்றி ஓட செய்யிறது"
"44177"	"சுத்தம் செய்கிறது; தூய்மைப்படுத்துகிறது (எதையோ)"
"44210"	"மூர்த்தியாகத் தவிர்க்கிறான்; பகுத்து இருப்பிருக்கிறான்; கைவிடுகிறான் (முந்திந்தொடு)"
"44211"	"விலக்குகிறான்; பாதுகாக்குகிறது; சிறு அடிக்குறிப்பு தவிர்க்கிறது"
"44323"	"சுமந்து சுற்றுகிறது"
"44324"	"சென்று சுற்றுகிறது, ஊசி புழங்கு, ஒளி கொண்டு சுற்றுகிறது"
"44325"	"காப்பாற்றுகிறான்; கவனிக்கிறான்; பராமரிக்கிறான்; சுருக்கமாகச் சுற்றி கொண்டிருக்கிறது"
"44326"	"விலக்குகிறது; தவிட்கிறது; ஸ்பஷ்டமாக, சுற்றி கொண்டு செல்கிறது"
"44327"	"விளைவுகளைச் சூட்டிக்கொள்கிறான்; வாதிக்கிறான்; நிராகரிக்கிறான்; எழுப்பிச் செல்கிறான்"
"44360"	"குறைவாகிறது; இழுக்கப்படுகிறது; தாழ்த்தப்படுகிறது; வீழ்ந்து செல்கிறது"
"44361"	"அற்றுகிறது (என்பதிலிருந்து); குறைகிறது (இல்)"
"44362"	"கொடுத்துவிடப்படுகிறது; இழப்பு அனுபவிக்கிறது (இது)"
"44617"	"வெள்ளுகிறது, ஊறுகிறது, வெளியிடுகிறது"
"44618"	"உற்பத்தி செய்கிறது; உருவாக்குகிறது; செய்கிறது; பிறக்கிறது; ஒளிக்கிறது"
"44631"	"பாராட்டுகிறது; ஏற்றுக்கொள்கிறது (பற்றி); பாராட்டுகிறது"
"44688"	"சிறகுகள் விரித்து, நெகிழ்த்து, நீட்டிக்கிறது, நேராக செல்வதற்கான காரணமாக."
"44700"	"ஒளிர்கிறது; அமைதியாக இருக்கிறது; தெளிவாக ஆகிறது; நேராக அமருகிறது"
"44701"	"நம்பிக்கையைப் பெறுகிறது; உந்துதலைப் பெற்றுள்ளது; வெளிப்படையாக அம்பலமாகிறது"
"44702"	"பாஷிதம், மகிழ்ச்சி அடைகிறது, சமாதானம் அடைகிறது, முன்பதாக அமைந்தது"
"44703"	"இயற்றுகிறது, குறைகிறது, அமைதியடைகிறது (மீது), நேர்முகமாக அமைக்கிறது"
"44738"	"பார்க்கிறது"
"44739"	"புரிந்துகொள்கிறது; அடைகிறது; மெய் பார்த்து"
"44740"	"கண்டுபிடிக்கிறது; சந்திக்கிறது; சந்திப்பு; வெளிப்படையாகக் காண்கிறது"
"44741"	"செல்கிறான்; கவனிக்கிறான்; ஆய்வு செய்கிறான்; சோதிக்கிறான்; இலக்கணமாக, பார்க்கிறது"
"44759"	"அமைதியாக்கிறது; வசமாக்குகிறது; மௌனமாக்கிறது; சாந்தமாக்கிறது"
"44770"	"விலகுகிறது; சுவாசிக்கிறது; ஒளியினால் சுவாசிக்கிறது"
"44772"	"நீ பார்கிறாய்; நின்றுள்ளாயா?"
"44810"	"மேம்படுகிறது, வளர்கிறது, பெருகுகிறது"
"44811"	"என்று வருவாய், மோசமாகிறது; உண்மையில் அதிகரிக்கிறது"
"44824"	"சென்கிறது; கிழிக்கிறது; மிதிக்கிறது; எழும்புகிறது"
"44825"	"நடக்கிறது; உள்ளது; நடைபெறுகிறது; நடக்கிறது; இல. முன்னேறுகிறது"
"44826"	"முன்னேறும், வேலை செய்கிறான், எழுதி வரும்"
"44827"	"தொடர்ந்து செல்கிறது, முன்னே செல்கிறது"
"44867"	"சுழல்கிறது; நகர்வை ஏற்படுத்துகிறது; முன்னே செல்ல ஏற்படுத்துகிறது"
"44868"	"காரணமாக்கிறது; உற்பத்தி செய்கிறாள்; தோற்றுவிக்கிறது (அது); அடிப்படையில் முன்னோக்கி செல்லச் செய்தல்"
"44869"	"மேல்தோற்றமாக வைத்திருக்கிறது; பிரகாசமாக வழி நடத்துகிறது"
"44870"	"(அன்பு) கட்டுப்படுத்தும்; இங்கே உள்ளே சென்று செல்ல வலிமை ஏற்படுத்துகிறது"
"44924"	"அழைக்கிறான்; கோருகிறான்"
"44925"	"ஊட்டுகிறான்; அழைத்துக் கொண்டுவரப்படுகிறது (எடுக்க)"
"44968"	"உள்ளே செல்கிறது; சென்று விடுகிறது; நேரடியாக செல்கிறது"
"44996"	"அவர் அழைக்கப்படுகிறார்; அவர் பெயரிடப்படுகிறார்; அவர் கூறப்படுகிறார்"
"45019"	"கற்பிக்கிறது; அறிமுகமாக்குகிறது; அறிவிக்கிறது; யறிதற்காக ஏற்படுத்துகிறது"
"45121"	"சென்று கட்டுகிறது; அனுப்புகிறது; வினியோகிப்பதாக"
"45140"	"தள்ளப்படுகிறான்; ஒழிக்கப் படுகிறான்; அடிக்கடி தள்ளப்படுகிறான்"
"45141"	"அனுப்பப்படுகிறது; வழங்கப்படுகிறது"
"45166"	"சாத்தியமானது; திறமையானது; தகுதியானது"
"45167"	"திறந்தது; מספיקம் (க்கு)"
"45450"	"காண்கிறான்; வெளிப்படுத்துகிறான்; காட்டுகிறான்"
"45451"	"எடுத்துக்காட்டு, உருவாக்குகிறது, உருவம் தருகிறது"
"45453"	"முன்னே தோன்றுகிறது; வெளிப்படுகிறது; தெளிவாகிறது; முற்றிலும் முன்னே வருகிறது"
"45454"	"தொடர்கிறது (இலக்கு); வெளியில் தொடங்குகிறது (ஒரு நபருக்கு)"
"45663"	"எதிர் வந்தது; வந்தது; வந்தது (காண்பதற்காக)"
"45664"	"இறைச்சிகிறது; அனுபவிக்கிறது; நிலையிலும் விளைவு அடைகிறது"
"45665"	"ஆகிறது; மாறுகிறது; வெளிப்படையாக அடைகிறது"
"46294"	"உருக்கிறான்; சிறிது பாட்டுகிறான்; குடிக்கிறது"
"46360"	"ஆனந்தம் அளிக்கிறது; மகிழ்ச்சி தருகிறது; திருப்தி படுத்துகிறது"
"46484"	"கேள்கிறான்; விசாரிக்கிறான்; கேள்வி எழுப்புகின்றான் (எவர்மீது)"
"46774"	"சூத்திரிக்கிறது; தூய்மைப்படுத்துகிறது"
"47176"	"மரியாதைக்குரியவர்; மரியாதையை அளிப்பவர்; மதிப்பிற்குரியவர்"
"47284"	"செல்வது, முன்னேற்றுவது, முன்னிலை கொள்ளுவது, பாரதம் அவர்கள் முன்னேறும்"
"47543"	"அழுத்துகிறது; இழைக்கிறது; இப்படி கூறிக்கொள்வதென்பது அசைக்கிறது"
"47763"	"பாதுகொள்கிறது, நேருக்கு நேர் வருகிறது, தீங்கு விளைந்தது, தாக்கம் செய்கிறது, என்றால் தொடுகிறது"
"47764"	"(மேஷத்தின்போது அல்லது நிப்பானம் பற்றிய) அனுபவங்கள்; அடைவதற்கு; சாதிக்கும்; வருடிக்கிறது; மேற்கூறியது தொடுகிறது"
"47765"	"தவறுகளைப் பற்றி செய்கிறது; செய்கிறது; அடிப்படையாக தொட்டு விடுகிறது"
"47797"	"உட்கார்கிறது; அனுபவிக்கிறது; குன்றுகிறது; உருக்கம் தொடுகிறது"
"47898"	"கண்கூட்டுகிறது, கட்டுகிறது, கெடுக்கும், நேரடிக்காட்டுகிறது"
"47899"	"தயாரிக்கிறது; சமைக்கிறது; ஏற்படுத்துகிறது; அமைக்கிறது; ஒட்டுகிறது"
"47901"	"கட்டுப்பட்டிருக்கிறது, சார்ந்துவிடுகிறது, பிறகு ஒட்டிக்கொள்கிறது"
"48195"	"அதிகம் பயிற்சியளிக்கிறான்; தன்னை அர்ப்பணிக்கிறான்; வளர்க்கிறான்; உளவாட்டில் பலவற்றை உருவாக்குகிறான்"
"48754"	"அழிக்கிறது; ஓர்க்கிறது; விடுகிறது; முடிக்கிறது; ஆதியில்லாமல் செய்யிறது"
"48792"	"பதில் செய்கிறது; எதிர்வினைப்படுத்துகிறது (க்கு); வெளிப்படுத்துகிறது"
"48793"	"பொருளை விளக்குகிறது; வரையறுக்கிறது; விவரிக்கிறது; நேரில் உள்ளவற்றைப் பிரிக்கிறது"
"48794"	"குறிப்பிக்கிறது; அறிவிக்கிறது; நிரூபிக்கிறது; வெளிப்படுத்துகிறது"
"48829"	"வெறுக்கிறது; விருப்பமில்லை; (வழியே) பயனில்லை; (க்கு) எதிர்பார்க்கிறது; உண்மையில் தவிர்க்கிறது"
"48830"	"ஆபத்தை ஏற்படுத்துகிறது; சேதம் செய்கிறது; காயமுறுக்கிறது; உருத்திரையாக தவறாகிறது"
"48831"	"தவறாக செல்கிறான்; இழக்கிறான்; வெளிப்படையாக தவறாக செல்கிறது"
"48832"	"கொல்லப்படுகிறது, இறக்கிறது, அழிகிறது, மாறுபடுகிறது"
"49091"	"செல்வதால், கூறுவதால், பேசுவதால், அழைப்பதால்"
"49092"	"நான் சொல்கிறேன்; நான் உங்களுக்கு சொல்கிறேன்; நான் அழைக்கிறேன்"
"49178"	"இணைகிறார்; தோழமைக்கிறான் (உடனே)"
"49179"	"செல்கிறான்; ஓடுகிறான்; ஓய்வெடுக்கிறான்; வாழ்கிறான்; பொருத்தமாக இணைகிறது"
"49180"	"கூடியது; வரும் (தடுக்காமல்); நடைமுறையில் பகிர்கிறான்"
"49181"	"செய்கிறான், அர்ப்பணம் செய்கிறான், தன்னைக் கொடுக்கிறான் (க்கு)"
"49227"	"அபிடச்சு, சொல்வது, கூறுதல்"
"49534"	"உள்ளது, ஆகிறது, ஆகிறது"
"49535"	"உள்ளது (குறிப்பீர்கள்)"
"49699"	"ஒளிர்கிறது, வெளிச்சமாகிறது"
"49712"	"பயந்து இருக்கிறது; பயந்து போனது; பயம் அடைகிறது; நடுங்குகிறது (என்பதற்கு)"
"49713"	"பயப்படுகிறார்; பயம் அடைகிறார்; கவலைக்கிடைக்கிறார் (குறித்து)"
"49753"	"சொல்கிறான்; பேசுகிறான் (வिषயமாக); கூறுகிறான்"
"49754"	"செல்கிறது; பேசுகிறது; (கொள்கை) பேசுகிறது; (பல) பேசுகிறது"
"49755"	"ஒளிர்கிறது; பாஞ்சல் செய்கிறது"
"49756"	"ஒளியாக்கிறது; கமழிக்கிறது"
"49849"	"உயிர்த்தொழுகிறது; வளர்க்கிறது; உருப்படியாக்வதை கொண்டுவருகிறது"
"49977"	"உள்ளவற்றை உடைக்கிறது; பிளவுபடுத்துகிறது; நசுக்குகிறது"
"49978"	"உடைத்துவிடுகிறது (வாய்மையின்) ; வெளिर்கிறது"
"49979"	"நிறுத்துமிடம் அல்லது அமர்விடம் பற்றி: உடைகிறது; மாறுகிறது; நகர்கிறது"
"50083"	"சேர்கிறது; உட்கொள்கிறது"
"50084"	"செல்கிறது; கொண்டாடுகிறது; கலந்து கொள்கிறது; அழகில் ஈடுபடுகிறது"
"50414"	"உள்ளதாகிறது, ஆகிறது"
"50519"	"பாதைகளை, தேடுகிறது, விசாரிக்கிறது (எதாவதினை கொண்டு)"
"50691"	"மயக்கத்தில் உள்ளது; குழம்பியுள்ளதாக உள்ளது; மனதை முதிர்த்துக் கொண்டு உள்ளது (மது மூலம்)"
"50692"	"பெரிதாக்கப்படுகிறான்; (சார்ந்தம்) செல்வப் பக்கம் விழுந்திருப்பது; வெளியில் என்பது அருவருப்பாக உள்ளது"
"50807"	"சிந்திக்கிறது; கற்பனை செய்யிறது; உருவாக்குகிறது; அணுகுமுறை செய்கிறது; நம்புகிறது"
"50808"	"அறிந்திருக்கிறான்; உறுதியாக இருக்கிறான்; நிச்சயம் இருக்கிறான்"
"50809"	"எண்ணுகிறான்; கண்ணாட்சியிருக்கிறான்; மதிக்கிறான்; பார்த்து கொண்டிருக்கிறான்; கருதுகிறான்"
"51346"	"உதவுகிறான்; ஆலோசிக்கிறான்; அறிவுறுத்துகிறான் (உடன்)"
"51480"	"இறக்கின்றது; கொலை செய்யப்படுகிறது"
"52331"	"கௌரவிக்கிறது; மதிக்கிறது; உயர்ந்த மதிப்பு தருகிறது; (வர்த்தகம்) காதலிக்கிறது"
"52747"	"கொல்லப்படுகிறது, இறக்கிறது"
"52822"	"வேறுபடுகி; விடுதலையாகின்றது (இருப்பதிலிருந்து); ஒளிவிடுகிறது"
"52823"	"சிலந்தி விடுதலை அடைகிறது; விடுதலை பெற்றிருக்கிறது (மூலமாக); வெளிப்படையாக விடப்படுகிறது"
"52824"	"இலகுறித்து ஓடுகிறது (இயன்றாட); இல. விடப்படுகிறது"
"52825"	"சுதந்தரமாக நிற்கிறது; வெளிப்படையாக விடப்படுகிறது"
"52826"	"மூடுகிறது; மாறுகிறது; இழுப்பு ஆகிறது"
"53336"	"முடிகிறது; விடுகிறது; உண்மையில் விடுதலை செய்கிறது"
"53345"	"இருக்கிறான், மகிழ்கிறான், சந்தோஷமாக இருக்கிறான், கொண்டாடுகிறான்"
"53479"	"விகிதாங்கள், அளவிடுகிறார்"
"53912"	"கேளுகிறான், வேண்டுகிறது, பிண்ணாக்குகிறான் (எவரை என்பதற்கான)"
"53913"	"அரவணர்கிறான்; திருமணத்துக்குப் பணிக்கிறார்"
"53942"	"செல்கிறான்; ஓடுகிறான்; முன்னே செல்கிறான்; முன்னெடுக்கும்; பயணிக்கிறது"
"53943"	"ஆகும் படையினர் எதிர்கொள்ளுகிறது; விரட்டுகிறது; ஒழிக்கிறது"
"53988"	"செயல்படுகிறான், ஊட்டுகிறான், வாழ்கின்றான், சென்று கொள்ளச் செய்கிறான்"
"53989"	"சென்று கொண்டிருக்கிறான், செல்லத் தொடர்கிறான், சாலையில் இருக்கிறான், நடந்துவரச் செய்கிறான்"
"54005"	"செல்கிறது; முன்னேறுகிறது; தொடர்கிறது; பயணிக்கிறது"
"54351"	"காத்திருப்பது; கவனிக்கிறது; பாதுகாக்கிறது (எதையாவது எதிரே)"
"54352"	"முடிக்கிறது; தவிர்க்கிறது; காக்கிறது"
"54451"	"இனிக்கும், காதல் செய்கிறது, மோஹத்தை அடைகிறது, ஒட்டிக்கொள்கிறேன்"
"54452"	"மகிழ்ச்சி அடைகிறான்; மகிழ்ச்சி காண்பது (இல்)"
"54668"	"வினோதத்தை அனுபவிக்கிறார்; மகிழ்ச்சி அடைகிறார்; மகிழ்ச்சி (பெற்றுக்கொள்கிறான்); விரும்புகிறார்"
"55028"	"புறக்கணிக்கிறது; தவிர்க்கிறது; விலக்குகிறது; சோம்பலாக இருக்கிறது (பற்றி); (வர்த்தகம்) விலக்கிவிடுகிறது; எழுத்துப்படியாக வெறியிறது"
"55083"	"இனிக்கிறது; உள்படியை வழங்குகிறது (க்கு); மொத்தத்தில் விரும்பப்படுகிறது"
"55378"	"அழுகிறது (மற்றவர்களைப் பற்றி); கார்லுறுது (மேலும்); செவில்பேய்"
"55620"	"கிடைக்கிறது (இல்); ஒப்பாகக் கிடைக்கிறது"
"55621"	"பெறு (அக்கரைச்); வெற்றியிடு (ஏற்க)"
"55630"	"எடுக்கிறது, பெறுகிறது, கிடைக்கிறது (எக்காரணத்திற்கு)"
"55631"	"சாத்தியமாகும்; அனுமதிக்கப்படுகிறது; சட்டப்படி நிலவுகிறது"
"55632"	"ஒன்றுபோதும் يحصل하다; ஒன்றுபோதும் பெறுகிறது"
"56420"	"மரியாதை செய்கிறான்; மதிக்கிறான்; ஆழ்ந்த மரியாதை அற்றவன்"
"56475"	"சாத்தியமாகும், செய்யக்கூடியது"
"56947"	"எழுகிறது; போராடுகிறது; போர் நடத்துகிறது (உடனுடன்); குறியாக, ஒன்றாக செல்ல வைத்துக் கொடுக்கிறது"
"57188"	"தெரிந்துகொள்ள்கிறான்; தனிப்பட்ட அனுபவிக்கிறான்; தனிப்பட்ட முறையில் உணர்கிறான்; பிரகடனம், தனிப்பட்ட முறையில் செய்கிறான்"
"57346"	"அறியிறார்; அறியாதாகக் கருதுகிறார்; உணர்கிறார்; உருவகிக்கிறார்; ஒப்புக் கொள்கிறார்; வரியாக, ஒன்றாக அறிவார்"
"57533"	"இருக்கிறது; தொடர்கிறது; நிலைத்து உள்ளது; நிலை கோருகிறது (இல்); மொழியாக்கம் செய்கிறது"
"58015"	"நம்புகிறான்; பெரும்பலவிளக்கம் உள்ளது; செல்லத்திறனைப் பெற்றிருப்பான்; உறுதியாக இருக்கிறான் (இவற்றில்); தனது இதயத்தை இடுகிறது"
"58259"	"அவர்கள் உள்ளார்கள்; அதில் உள்ளன; அவர்கள் உள்ளனர்"
"58273"	"இருக்கிறது; நிலைத்திருக்கிறது; ஆழ்மனதில் உள்ளது; உள்ளே சமணங்கள் அடி; ஒன்று சேர்ந்து நிற்கிறது"
"58360"	"நதியின் (வெயிலைப் பற்றி) ஓடுகிறது; ஓடுகிறது"
"58373"	"விளக்குகிறது; உபதேசிக்கிறது; வெளிப்படுத்துகிறது"
"58406"	"நன்கு அறிவது; முதன்மை அனுபவமுள்ளது (இல்); விளாரம், ஒன்றாகக் காணப்படுகிறது"
"58407"	"கண்ணொளிக்கப்படுகிறது; ஒப்பீடு செய்யப்படுகிறது; ஒத்து உள்ளது"
"58408"	"காணப்படுகிறது; வெளிப்படுகிறது; குறியாகக் கூட்டாகக் காணப்படுகிறது (இல்)"
"58417"	"கசிகிறது; படியாக வரவளிக்கிறது"
"58455"	"செல்கிறது; பிறக்கிறது; ஒழுகுகிறது"
"59345"	"பார்க்கிறது; உணர்கிறது; தலா சேர்ந்து காண்கின்றது"
"59346"	"அணுகுகிறது; பற்றி உடன்படுகிறது; உட்பொதிக்கிறது; காண்கிற்று (போல); ஒப்பாகக் காண்கின்றது"
"59356"	"உற்சாகம் செய்கிறான்; ஆலோசிக்கிறது (க்கு); வெளியில் பேசுவது পরে"
"59457"	"அமைக்கும்; அமைதிபடுத்தும்; அமைதியாக்கும்; இழுக்கின்றது; அமைதி தரும்; பொருத்தமாக அமைத்துவிடுகிறது"
"59606"	"ஈட்டுகிறார்; மேற்கொள்கிறார்; தன்னே எடுத்துக்கொள்கிறார்; ஒட்டுமொத்தமாக எடுத்துக் கொள்கிறார்"
"59613"	"மானிக்கின்றது, நியமிக்கின்றது, அதிகாரம் அளிக்கின்றது"
"59663"	"சமாதி பெறுகிறது; உருவாகிறது; அமைதி பெற்றுவருகிறது; நிலையாகிறது (குறிப்பாக); ஒட்டி வைத்துக் கொள்ளப்படுகிறது"
"59723"	"வெளிப்படுத்துவது; அடைவது; குடியிருக்கிறது"
"59724"	"எழுதிக்கொள்கிறான், பயிற்சியுறுதிக்கொள்கிறான், நிகழ்த்துகிறான்"
"59835"	"சலுகிறாள்; ஆடுகிறாள்; ஒட்டுமொத்தமாகச் செல்கிறாள்"
"59836"	"கீழேத் திரிக்கிறது; மடிக்கிறது; உட்கொள்ளுகிறது; தீவிரமாக ஒன்றாக மாறுகிறது"
"59980"	"எழுந்து கொண்டிருக்கிறது, ஆர்வத்துடன் நிறக்கிறது, பரபரப்பூட்டுகிறது, ஊக்கம் தருகிறது, நேசிக்கும் வகையில் வெப்பம் செய்கிறது"
"60006"	"பேசுகிறான், உரையாடுகிறான்"
"60007"	"உறுதி செய்கிறது, அறிவிக்கிறது, வெளிப்படுத்துகிறது"
"60008"	"செயற்பட்டு, செயல் செய்கிறான்"
"60010"	"எதிர்கிறது, மனதில் வருகிறத, (வெளிப்படையாக)"
"60162"	"அமைதிப்படுத்துகிறது; அமைதியில் கொண்டுவருகிறது; நிலவைக்க செய்கிறது; இறைச்சி செய்கிறது; ஆழமாக அமைதியை உண்டாக்குகிறது"
"60164"	"அகிகிறது; ஒன்றிணைகிறது; பொருத்தமாகிறது; இடத்திற்கு பொருத்தமாகிறது; ஒவ்வன்கொண் க்கொண்டே செல்கிறது"
"60232"	"என்றேற்பட்டது, ஆகிவிட்டது"
"60233"	"வெற்றி பெறுகிறது; வளர்ச்சி அடைகிறது; நன்கு நடக்கிறது"
"60234"	"ஆகிறது; மாறுகிறது"
"60380"	"நிச்சயமாக இருக்கும்; உறுதியானது; முதியதாக இருக்கும்; மோதளியால் நம்புகிறான்"
"60424"	"இனிமையூட்டும்; மகிழ்விக்கும்; சமன் செய்பவர்; மகிழ்ச்சி தருகிறது; உரும்பு உண்டாக்குகிறது"
"60461"	"கணக்கிட முடிகிறது; நேரடியாக தொடர்கிறது"
"60641"	"வருகிறது; జరుగுகிறது; ஏற்படுகிறது; நடக்கிறது"
"60642"	"உள்ளது, இருக்கிறது (க்கு)"
"60719"	"இயலిందது, குளிர்ந்தது, திருப்தியடைந்தது"
"60720"	"உய்யப் பெற்றுள்ளது, வாழ்கிறது, சொற்பொழிவு புரிந்துள்ளது"
"60754"	"தீர்மானிக்கிறது; ஒழுங்குபடுத்துகிறது; அங்கீகரிக்கிறது; ஒப்புக்கொள்கிறது; உட்பட: ஒன்றாக நினைக்கிறது"
"60755"	"எடுத்துக்கொள்கிறான்; தேர்வு செய்கிறான்; விளக்கம்: ஒன்றாக எண்ணுகிறான்"
"60945"	"சென்று ஆடுகிறான்; ஓய்விழைகிறது; நீயாகச் சிலிர்க்கிறது"
"61019"	"நினைவில் வைக்கும்; மறுபடியும் நினைவில் கொண்டுவரும்"
"61020"	"சரிகிறான், சுற்றிக்கிறது, ஓடுகிறது"
"61190"	"சொல்கிறான்; பேசுகிறது; உரையாடுகிறது; சேர்ந்துசொலிக்கிறது (உடன்)"
"61385"	"அழிக்கிறது; வென்றுக்கொள்கிறது; ஆதிக்கம் செலுத்துகிறது; டிபக் செய்கிறது"
"61386"	"கொள்கிறது; எடுத்துக் கொள்ளுகிறது; தாங்குகிறது"
"61387"	"சாத்தியம் உள்ளது; முடியும்; செய்யலாம்"
"61743"	"செயலாற்றிக்கிறான்; சமூகமாக உள்வாங்கிக் கொள்ளிறான்; ஒட்டுமொத்தமாக ஒருங்கே நிற்கிறது"
"61744"	"சரிகிறது; பொருந்துகிறது (வெளியுடன்); உண்மையில் ஒன்றாக ஓடுகிறது"
"61745"	"ஒன்றிணைக்கிறது; இணைகிறது; சேர்க்கிறது (உடனிருந்து)"
"61746"	"இயற்கை இசை பயிற்சி செய்கிறது; இணைகிறது (உடன்); ஒழுங்காக ஓடுகிறது"
"61772"	"செல்வதற்கு; பயணம் செய்கிறது; அடுத்துவர் ஆகப் பிரியும் என்பதை; பொருளாக சேர்க்கிறது"
"61804"	"உரவிலே இறக்கிறான்; மூழ்கிறான்; பொருளில் இறக்குறுகி."
"61869"	"அவனை முன்னோக்கி அழுத்தும், விளைவுகளை ஏற்படுத்தும், காரணமாக இருக்கிறது"
"61904"	"இணைந்து வாழ்கிறது; இணைத்துக் கொள்கிறது; வாழ்கிறது (வாழும்)"
"61921"	"உள்ளதாகத் தெரிகிறது; உள்ளது; காணப்படுகிறது (இல்)"
"61922"	"அந்த வகையில் இருக்கிறது; அங்கு உள்ளன; முற்றிலும் கிடைக்கிறது (மாற்றாக)"
"61923"	"பயம் அடைகிறான்; கவலையுடன் இருக்கிறான்; அஞ்சுகிறான்; நடுங்கி விடுகிறான்; குலுக்கப்படுகிறது"
"61930"	"அமைக்கிறான்; திட்டமிடுகிறான்; ஒழுங்குபடுத்துகிறான்; தயாரிக்கிறான்"
"61950"	"பகிர்கிறது; விநியோகிக்கிறது; பகிர்ந்து கொள்கிறது; இடம் செய்கிறது"
"62178"	"அங்கீகரிக்கிறது; ஏற்கிறது; ஒத்துக்கிறது (இல்); அனுமதிக்கிறது; அச்சரியா் சாப்பிடப்படுகிறது"
"62179"	"சுகமாக்கப்படுகிறது; ரசிக்கப்படுகிறது; விசா. சிலிர்க்கப்படுகிறது"
"62443"	"அழகு காண்கிறான்; மனமரியாதை பார்த்துநிற்கிறான்; ஈர்க்கப்படுகிறான்; இச்சைக்காரியத்துக்காக உள்ளான்"
"62711"	"கற்கிறான்; பயிற்சியைக் கொடுக்கிறான் (இல்); நடைமுறைப்படுத்துகிறான்"
"62712"	"உள்ளடக்கம் (உதாரணமாக), உள்ளடக்கம் (நகலெடுப்பதற்காக), நடைமுறை (விருப்பத்திற்காக), நடைமுறை (செய்ய)"
"63560"	"அடக்கினருடன் இருக்கிறது; சம்மதமாக இருக்கிறது; மகிழ்ச்சியுடன் இருக்கிறது"
"63601"	"மகிழ்விக்கிறது; மகிழ்ச்சிக்கும்; வசதியாக்கிறது; பொருட்குறிப்பில் மகிழ்ச்சியடையச் செய்கிறது"
"63756"	"கேட்கிறான், கேட்பதற்கு, கேட்டுக்கொள்வதற்கு, பெரும்பாலும், அர்த்தமுள்ளது, ஐயா, இது எந்த ஒலி என்னால் கேட்கப்படுகிறது."
"63757"	"கேட்குகிறது (க்கு)"
"63767"	"கேட்கிறது; ஒன்சொற்கள் கேட்கிறது"
"64519"	"கேட்க விரும்புகிறது; கேளுங்கள் என்றாவது ஆவலாய் உள்ளது; சிறிது நேரம் கேட்க ஆசை கொள்கிறது"
"64876"	"அறைக் கொண்டிருக்கிறது; சுற்றி கிடக்கிறது; வெளிப்படையாக தூங்குகிறது"
"64878"	"வாழ்கிறது; தங்குகிறது; நிலக்கிறது; வெளிப்படையாக கிளம்புகிறது"
"65032"	"உணர்வவதா, உறவாடுகிறது (இன்னும்)."
"65033"	"பயிற்சியாக இருக்கிறது; தொடர்கிறாது; ஈடுபடுகிறது; வளர்க்கிறது; பொருளாகக் கூட்டுறவு செய்கிறது"
"65035"	"பெறுகிறான், ஈடுபடுகிறான், தொடர்புகொள்கிறான், உண்மையில் தொடர்புடையது"
"65126"	"வயகவினம், துக்கிக்கொண்டு இருக்கிறான், துயரம் அடைகிறான், வேதனைகள் அடைகிறான்"
"65332"	"ஒளிர்கிறது; புடைக்கிறது (இனது)"
"65333"	"அந்த அழகு தோற்றம் (இல்); சரியாக, ஒளிர்கிறது"
"65334"	" எண்ணுகிறது, ஒப்பிக்கிறது, மதிப்புள்ளது, ஒளிர்கிறது"
"65353"	"அழகு செய்கிறது; அழகுபடுத்துகிறது; அலங்காரம் செய்கிறது; நிமிர்த்துகிறது; ஒளி வடிக்கிறது"
"65832"	"இன்புறுகிறது, வளர்கிறது, விருத்தி அடைகிறது (இல்)"
"65863"	"வளர்க்கிறது; பெருகிறது; அதிகரிக்கிறது; முறையாக அதிகரிக்கவண்ணம் செய்கிறது"
"65864"	"பேற்றுகிறது; உயர்த்துகிறது; வளர்க்கிறது; சொற்பொழிவு: அதிகரிக்க அளிக்கிறது"
"65962"	"பேசுகிறான்; பாராட்டுகிறான்; மேன்மையாக்குகிறான் (எதற்காக)"
"65996"	"நடக்கிறது; தொடர்கிறது; முன்னே செல்கிறது; பயிற்சிக்கிறது"
"65997"	"உள்ளது, நடக்கிறது, ஏற்படுகிறது, நடைபெறுகிறது"
"65999"	"ஆண்டு, உபயோகிக்கிறான்"
"66046"	"(அந்த அதிகாரம்) ஏற்றுக்கொள்ளும்; காட்டுகிறது; உண்மையில் முன்னேறச் செய்வதாக"
"66047"	"ஒன்றும் செய்கிறான்; தொடருகிறான்; சுழலில் உன்னைக் கட்டுகிறான்; உண்மையாக, முன்னேற்றுகிறான்"
"66122"	"கேலும், பேசுகிறார், சொல்கிறார் (க்கு)"
"66123"	"வசிக்கிறான்; விவாதிக்கிறான்; விமர்சிக்கிறான்; வழங்குகிறது"
"66124"	"கீத வாசிக்கும் கருவி, ஒலிக்கிறது; ஒலிய்கிறது; மெருகொலிக்கிறது"
"66125"	"ஆய்வு செய்கிறான்; அறிவுறுத்துகிறான்; சொல்கிறான்"
"66126"	"எழுதியுள்ளது; குறிக்கிறது; உடலால் பேசுகிறது"
"66140"	"நான் சொல்கிறேன்; நான் பேசுகிறேன்; நான் கூறுகிறேன்"
"66145"	"அழைக்கிறது; விவரிக்கிறது (என்பது)"
"66146"	"ஒலிக்கிறது; விளக்கமாக உரைக்க அடிப்படுத்தப்படுகிறது"
"66243"	"அழகப்படுத்துகிறது; மரியாதை செலுத்துகிறது; வணங்குகிறது (க்கு)"
"66303"	"வெறுக்கிறது; அவற்றின் மீது அதிர்ச்சி; கேலி செய்கிறது; மதிப்புக் குறைத்துக் கொண்டிருக்கிறது"
"66449"	"வாழ்கிறது; இருக்கிறது; வசிக்கிறது (இல்)"
"66620"	"எடுத்துச்செல்லிறது; நீக்குகிறது"
"66621"	"பொறுப்பேற்கிறது; கவலைக்கிடிக்கிறது; விரல் சொன்னால் இதற்கேற்ப எடுத்துச் செல்கிறது"
"66622"	"அதிகாரம் உள்ளது; விளைவுறுகிறது; வேலை செய்கிறது; அசைப்பு வருகிறது"
"66766"	"உதிக்கிறது; ஓியும்; பரவுகிறது"
"66852"	"பாய்கிறது"
"66853"	"மானிக்கிறது; காற்றில் வீசுகிறது (இல்லாமல்)"
"66861"	"உறுதியாக முயற்சி செய்கிறான்; முயற்சி செய்கிறான்; முயற்சிக்கிறான்; தன்னை இறுதியாக கடைப்பிடிக்கிறான்"
"67452"	"சந்தேகம் உள்ளதாக; உறுதியாக இல்லை (பற்றி); வங்கியில் நிலைத்து நின்று யோசிக்க விரும்புகிறது"
"67580"	"புரிந்து கொள்கிறான்; புரிந்துகொள்கிறான்; அடையாளம் காண்கிறான்; வேறுபடுத்துகிறான்; விழிப்புணர்வு உணர்கிறான் (பற்றி)"
"67581"	"கற்றுக்கொள்கிறது, அறிவுள்ளது, உணர்கிறது, புரிந்துகொள்கிறது, விவரிக்கிறான்"
"67591"	"உண்டாகிறது"
"67592"	"உற்பத்தி செய்கிறது (க்கு)"
"67593"	"கர்ப்பமாகிறது; கர்ப்ப ஸ்தாபிக்கிறது"
"67615"	"உள்ளது; கண்டுபிடிக்கப்படுகிறது; உள்ளது (இல்)"
"67616"	"இதை சாத்தியமாகிறது; இதை நம்பத்தகுந்ததாக உள்ளது; நேரடியாக இடம் பெற்றிருக்கும்"
"67783"	"பொருளாய் மாற்றுகிறது; ஒருவகையில் அறிவுறுத்துகிறது"
"67784"	"கேட்கிறான்; வேண்டுகிறான்; அஞ்சுகிறது (யாரிடமிருந்து); பொருதியாக அறிவிக்கிறான்"
"67854"	"கருத்து செலுத்துகிறார், ஒலிக்கிறார், சிந்திக்கிறார்"
"68093"	"உலகிலுள்ள அழகான காமங்கள் விரும்பத்தக்கவை அல்ல, அதனால் அறிவாளிகள் சுகம் மற்றும் சந்தனத்தைப் போல் எப்போது மறுக்கின்றனர், அப்போது அவர்கள் அமர்நிலை அடைய நீங்குகின்றனர்; நீக்குகிறது; எளிதாக்குகிறது; வழி நடத்துகிறது."
"68112"	"இழந் அந்தும், அழிகிறது"
"68249"	"உறுதியாக்கிறது; கல்வி அளிக்கிறது; பயிற்சி அளிக்கிறது; கட்டாயம் செய்டுகிறது; உண்மையில் வழிசெய்கிறது"
"68250"	"கோபத்தின் (தகவலுக்கு) கட்டுப்படுத்துகிறது; அமைதியாக்குகிறது; கட்டுப்படுத்துகிறது; நல்ல வழியில் கொண்டு செல்கிறது"
"68251"	"திசையளிக்கிறது, வழிகாட்டுகிறது"
"68270"	"உறுதியாக்கிறது; வெளியேற்றுகிறது; அகற்றுகிறது"
"68276"	"கிடைக்கிறது; பெறுகிறது; கையளிக்கிறது"
"68277"	"சேவிக்கின்றான்; சந்திக்கிறான்; அனுபவிக்கிறான்; உண்மையில் கொண்டு வேண்டும்"
"68331"	"மாற்றங்களை உருவாக்குகிறது; மாறுபடுத்துகிறது; தவிர்த்து வரும்போது முற்றிலும் வளைக்கும்"
"68429"	"வழங்குகிறது; பரவுகிறது; பரந்த அளவில் விவாதிக்கிறது"
"68567"	"அங்கீகாரம் செய்கிறது; விரிவாக ஆராய்கிறது; நீளப்படுத்தி விளக்குகிறது; நேர்மையாகப் பிரிக்கிறது"
"68568"	"விரிதுகிறது; உடைபடுகிறது; பிரிக்கிறது; நடைமுறைபடி பிரிக்கிறது"
"68698"	"விடின்மை அடைகிறத; விடுதலை பெற்றுள்ளது (இயல்பாக)."
"68818"	"பிரிவு அடைகிறது (இல்); ஆர்வம் இழக்கிறது (இல்); ஆர்வமில்லா ஆளாகிறது (முன்னே); தரக்குறைவாக இருக்கிறது (இல்)"
"68819"	"மதிப் பெறுவதில் அப்பிமானம் காமம், மனதில் பரிதாபம் இல்லை"
"68968"	"ஒளிர்கிறது; பெண்களிடையே ஒளிர்வது; மின்னுகிறது"
"69289"	"தூய்மைப்படுத்தப்படுகிறது; இழுத்து எடுக்கப்படுகிறது; தூயாகமாகிறது"
"69407"	"விடுகிறது; போக்குகிறது; பகிர்ந்து கொடுக்கிறது"
"69408"	"பதிலளிக்கிறது; கேள்விக்கு பதில் அளிக்கிறது"
"69409"	"விடுவிக்கிறது; விட வழங்குகிறது (இவ), விழுந்து விடுகிறது"
"69410"	"விலகுகிறான்; கப்பலில் இருந்து இறக்கிறான்; விடுகிறான்"
"69411"	"தள்ளிக்கொள்கிறான்; உடனேவிட்டு செல்கிறான்; வீழ்த்துகிறான்"
"69536"	"ஒப்பில்லாமல், விவாதிக்கிறது, மோதுகிறது, குடித்திறும், முரண்படுகிறது (உள்ளே); 'பிரிந்தே பேசுகிறது' என்ற அர்த்தம்."
"69552"	"வெளிப்படுத்துகிறது; வெளிப்படுத்துகிறது; வெளிப்படுத்துகிறது"
"69553"	"திறக்கிறது; திறக்கிறது, உண்மையில் வெளிப்படுத்துகிறது"
"69554"	"எளிதாக்கும்; தெளிவுபடுத்தும்; விளக்குகிறது; நேருக்கு நேர் வெளிப்படுத்துகிறது"
"69592"	"வெவ்வேறு; ச்சேர்; ஆவணத்தினை; தனிமையில் உள்ள (இல்)"
"69661"	"வாழ்கிறான்; வசிக்கிறான்; நிற்கிறான் (உள்ள)"
"69662"	"இருப்பதை; நிலைக்கிறது; தொடர்கிறது; வசிக்கிறது (இல்)"
"69754"	"கோபிக்கிறது; சினக்கியுள்ளது; கஷ்டப்படுத்துகிறது; தொந்தரவு செய்கிறது; கிளறுகிறது"
"69882"	"ஆழமாக ஆராய்ந்து கற்றுக்கொள்கிறான்; பரிசோதிக்கிறான்; சோதிக்கிறான்; நேர்கொண்டதற்காக அறிந்து கொள்ள விரும்புகிறான்"
"69965"	"சொல்லப்படுகிறது; அழைக்கப்படுகின்றது"
"69974"	"உயர்ந்திருக்கிறது; உயரமாக எழுகிறது; அகற்றுகிறது (முதல்); இளமையாக நிற்கிறது"
"69975"	"நிறுத்துகிறது; எழுங்கள் (இருந்து); வெளிப்படையாக நிறுத்துகிறது"
"69976"	"(தியானம் பற்றிய) வெளிப்படும்; வெளியில் வருகிறது; வரிசையாக நிறுத்தப்படுகிறது"
"69985"	"(நிதானம்) எழுகின்றது (இலக்கணம்); வெளிநாட்டு (இலக்கணம்); அக்கருதல்"
"69986"	"(ஒரு குற்றம் பற்றிய) புதுப்பிக்கிறது; மீண்டும் எழுகிறது; மீண்டும் நிலை காட்டுகிறது; இதற்கேற்ப நிற்கிறது"
"69987"	"ரோகத்தில் இருந்து குணமாகிறது; மீட்டெடுக்கிறது; எழும்புகிறது"
"70007"	"(ஒரு கிறிஸ்தவப் பெண்) உயர்ந்த ஒழுங்கீனம் அளிக்கிறாள்; எழுமாறாக்கிறது"
"70121"	"சேல்கிறது; வாழ்கிறது (இல்)"
"70140"	"அமைத்திருக்கிறது; சமமாக்குகிறது; அமைதியாக்குகிறது; குறைக்கிறது"
"70141"	"விநயமாக அமைத்துக்கொள்கிறது; தீர்க்கிறது; வேறுபட, வீழ்ச்சியின் காரணமாகச் செய்வது"
"70221"	"உண்டாகிறது; அழிக்கப்படுகிறது; மறைந்துவிடுகிறது; குறைவாகிறது"
"70302"	"அனுபவிக்கிறது; உணர்கிறது; களஞ்சியம்; நுணுக்கமாகக் அறிவது"
"70321"	"உயிர்வெளியில் அனுபவிக்கிறான்; உணர்கிறான் (ஒரு உணர்வை)"
"70328"	"உணர்கிறான்; அனுபவிக்கிறான்; அபிப்ராயிக்கிறான்"
"70329"	"அறிகிறான்; புரிகிறான்; கற்றுக்கொள்கிறான்"
"70618"	"(உயிரைப் பற்றி) அகற்றி; நீக்குவது; துண்டிக்கிறது; கீழே எடுக்கிறது; சொந்தமாக கீழே ஏற்படுத்துகிறது"
"70655"	" பேசுகிறான், தொடர்பு கொடுக்கிறான், வெளிப்படுத்துகிறான், மொழியைப் பயன்படுத்துகிறான், வெளியில் செய்கிறான்"
"70768"	"தாக்கப்படுகிறது, குத்தப்படுகிறது, அடிக்கப்படுகிறது (அவர் மூலம்)"
"70769"	"காயமடைபவர்; கொல்லப்படுபவர்; அழிக்கப்படுபவர்"
"70964"	"அடிக்கிறான்; அடிக்கிறான்; தாக்குகிறான்; துருத்துகிறான்; குத்துகிறான்"
"70965"	"கொல்லுகிறான்; நிறைவேற்றுகின்றான்"
"70966"	"தண்டிக்கிறது; அடிக்கிறது; அடிக்கிறது"
"70985"	"அதிர்க்கின்றது; காயமாக்குகின்றது; தீங்குறவேற்கின்றது"
"70986"	"கலங்குறேன்; அழிக்கிறது"
"71010"	"கொண்டு செல்கிறது; ஒடுக்கிக்கொண்டு செல்கிறது; எதையாவது (எதனால்) எடுக்கப்படுகிறது"
"71011"	"எடுக்கிறது; திருடுகிறது; கொள்ளையா கிறது; விளைவு நோக்கி எடுத்து செல்கிறது"
"71012"	"எடுத்துக் கொண்டால், வழங்கும், எடுத்துச் செய்கிறது"
"71023"	"பொறுமை காட்டுகிறான், எடுக்கப்பட்டு விட்டான், கவலைப்படுகிறான்"
"71155"	"கைபற்றுகிறது; குறைகிறது; செங்குத்தாகக் கைகொடுக்கிறது; குறைப்பு"
"71156"	"தாழ்வாக உள்ளது; குறைவாக உள்ளது"
"71350"	"தாழ்மையான வாழ்க்கைக்குத் திரும்புகிறான்; விசையிலுள்ள உலகத்திற்கு வாசமாகக் திரும்புகிறான்; பொருளில் தாழ்மைக்கு திரும்பிக்கொள்"
"71483"	"உள்ளது; ஆகிறது"
"71484"	"உள்ளது (மேற்கோள்)"
"71485"	"இருக்கிறது; தொடர்ந்து இருப்பது; நீரிழிவு; விளக்கமாக अर्थातது"
"71500"	"நான் இருக்கிறேன்"
"74545"	"(குழுவைப் பற்றி) பிரிந்து செல்வது; பிளந்து செல்வது; நில்லாமல் பிளவுரு"
"74618"	"எடுக்கப்படுகிறது; புரிந்துகொள்ளப்படுகிறது (என்பதாக); உண்மையில் கிடைக்கிறது"
"74640"	"குறைக்கிறது; மறைகிறது"
"74810"	"ஒன்றிணைக்கிறான்; கடிதம் மூடுகிறான்; நெருப்பில் அடிக்கிறான்; உயிரினம் ஒன்றிணையச் செய்வான்"
"75087"	"ஆவியாகிறது; தேவைக்கொள்கிறான்"
"75392"	"மட்டுமே நினைக்கிறான்; முன்னோக்கி கூறுகிறான்; பொருள் எனினும் நினைவுபடுத்துகிறது"
"75601"	"தடை செய்கிறது; கட்டுப்பாடு செலுத்துகிறது"
"75661"	"செல்லையில் இறங்குகிறது; விழுகிறது (க்கு); ஒளியாக, குறுக்கே இறங்கியது"
"75678"	"இறைகிறது; மறைகிறது; சென்று போகிறது"
"75792"	"மீட்டுகிறது; மீண்டும் பெற்றுக்கொள்கிறது; திரும்பப் பெறுகிறது"
"75795"	"ஆள்கிறது; நிர்வகிக்கிறது; கட்டுப்படுத்துகிறது; கண்டிப்பாக மேல் வாழ்கிறது"
"76090"	"கவனிக்கிறது; யோசிக்கிறது; கருத்திருந்தால்"
"77100"	"கவர் செய்கிறான்; பாலை; கடக்கிறது"
"77570"	"கண்டுபிடிக்கிறது (பற்றி); புரிந்து கொள்கிறான்; உணர்கிறான்; பிணையாக, அடைந்துவருகிறான்"
"77665"	"வந்துகொள்கிறான், வந்தடைகிறான், முற்றிலும் இங்கு வருகிறது"
"77708"	"காயமாக்குகிறது; பாதிக்கிறது; ஈறுகாயம் செய்கிறது; துயருறுவிக்கிறது"
"77724"	"தவிர்க்கிறான்; தவறாகப் புரிந்துகொள்கிறான்; தவறாகப் பிடிக்கிறான்; அகரமுறியாக் கைகொள்கிறான்"
"77883"	"(பூமியில் பரஸ்பரம் உடலியல் உறவு) செய்கிறது (உடன்); மிகுதியாய் பொருத்தமாக இருக்க வைத்திருக்கும்"
"77908"	"விநியோகிக்கிறது; பகிர்கிறது; பிரிக்கிறது; வெளிவிரிந்து பிரிக்கிறது"
"77915"	"ஆனால்; விவாதிக்கிறது; ஆலோசிக்கிறது (உடன்)"
"77916"	"இதனைப் பயன்படுத்துகிறது; இது தொடர்புடையது; விளக்கமாக, அணுகுகிறது"
"77925"	"அந்தக்குழு; எடுத்துச் செல்கிறது; நேரடியாக இங்கு எடுக்கச் செய்கிறது"
"77938"	"சேர்வதாக உம்; எழுத்துப்படி ஒன்றாக நிற்கிறேன்"
"77958"	"தொடர்கிறது; மேற்கொண்டு விடுகிறது (இதன் மூலம்); தீராவதற்கான பாதை (இதனால்); மெய்யாகவே ஏற்கிறது"
"77964"	"ஆபத்தான நடத்தை (வினவு) அமைதியாக இருக்கிறது; குளிர்ச்சி அடைகிறது; குறைவாகிறது; உண்மையில் முழுமையாக கரைந்து போகிறது"
"78010"	"பாட்டு வைத்து சொல்லுகிறார்; பயன்படுகிறது; பிரகடிக்கும் "
"78011"	"ஈடுபடும், ஒத்துப்படும், துணைபடுகிறது"
"78137"	"கொண்கிறது; வழிநடத்துகிறது; முற்படுத்துகிறது"
"78206"	"பிடிக்கிறது; கவர்கிறது; ஊட்டுகிறது; முற்றிலும் கட்டுகிறது"
"78289"	"நிறுத்துகிறது; நிறுவுகிறது; எழுமு முறையை கொண்டு நடமாட்டத்தை உருவாக்குகிறது"
"78304"	"(முடியின்) குறிக்கிறது; நக்குவது; உடைமை செய்வது; பொருத்தமாக்குவதற்கு कारणமாக இருக்கிறது"
"78334"	"ஒன்றாகத் தூண்டும், விதிகளுக்கான ஓர் சட்டம்; நிர்ணயம் செய்யும்; ஒழுங்கு செய்யும்; நிலைமையாக்கும்; தெரிந்து கொள்ளச் செய்வது"
"78346"	"சேர் உணர்வை உடையவன்; தனது அசைவை அறிவை உடையவன்; வழக்கமானது, பின் அறிவிது"
"78404"	"அவருக்கு கிடைக்கிறது; அவனைப் புரிந்து கொள்ள வைக்கிறது; அடிக்கடி கிடைத்தது"
"78444"	"அனுமதிக்கிறது; ஏற்கிறது; ஒப்புக்கொள்கிறது; உண்மையாக இருட்டில் தெரிகிறது"
"78466"	"இடங்களை; அமைக்கிறது (மேலே); பின்வட்டமாக வைக்கிறது"
"78623"	"அவனைக் கொண்டுபோய்விடுகிறது; நீக்குகிறது; மொழிபெயர்க்கும் விளக்கம், அகற்றுகிறது"
"78706"	"(பாத்திமோக்கத்திற்குப் பற்றி) நினைவில் உள்ளது; மனதில் உள்ளது; நன்கு பயிற்றப்பட்டு உள்ளது (க்காக); விளக்கமாக முன்னோக்கி செல்கிறது"
"78742"	"எண்ணுகிறது; கணிக்கிறது; கணக்கீடு செய்கிறது"
"78909"	"ஏற்கிறது; பெரிதாவது; விளக்கமாக அருகில் நிற்கிறது"
"79007"	"உறுதி இழக்கிறது; ஒத்திகையை விட்டுக்கொடுப்பது; குழம்புகிறது; தோல்வி அடைகிறது; சுருக்கமாகக் கூடியது"
"79021"	"விளங்குகிறது; நடக்கிறது; நிகழ்கிறது"
"79137"	"வெறித்துப்போம்பது; திடீரென விடுவிக்கிறது"
"79272"	"துடிக்கும், நீங்குகிறது, எட்டிப் பிடிக்கிறது"
"79412"	"தியானத்தை நினைவில் கொண்டு மீண்டும் வருகிறது; விளில் கொண்டுவரുന്നു"
"79413"	"அதில் தியானத்தை உள்ளடக்கியது; பொருளாதாரத்தில் சந்திக்கிறது"
"79415"	"காட்சி வைத்துக்கொண்டு இருப்பது; விற்க வைக்கிறது (அந்த); வெளியில் செலுத்துகிறது"
"79523"	"ரத்து செய்யப்படுகிறது; உயர்த்தப்படுகிறது; தொடரில் இல்லை; விளக்கமாக, விசிறுகிறது"
"79726"	"கண்மூடுகிறது; குறைவாகிறது; போகிறது"
"79771"	"வாழ்த்துகிறான்; ஆசைப்படுகிறான்"
"79971"	"(சரியாக அல்லது தவறாக) நம்புகிறது; ஊகிக்கிறது; யாரேனும் (யாரென) கருதுகிறது"
"80113"	"விலக்குகிறது; விடுகிறது; கவனிக்கவில்லை; தனிமைப்படுத்துகிறது"
"80184"	"மழைக்காலத்தைப் பற்றி அருகுவாகிறது; ஆரம்பிக்கிறது; மேற்கொள்கிறார்கள்; எளிதாக அருகே செல்கிறார்கள்"
"80431"	"அனுப்புகிறார்; பரிசுகள் அளிக்கிறார்; விளைவாக கொடுக்கிறார்"
"80437"	"செய்கிறான், செயல் படுகிறது, ஏற்படுத்துகிறது"
"80558"	"ஆகிறது, ஆனுக்கிறது, மாறுகிறது, வந்துகொண்டிருக்கிறது, நிகழுகிறது"
"80586"	"புறப்படும்; விலகும்; குற்றம் படுத்துவதில் வளைந்து போக வைக்கிறது"
"80636"	"நடக்கும்; ஏற்படுத்துகிறது; தொடங்குகிறது; இல. முன்னேறும் ஏற்படுத்துகிறது"
"80637"	"மனதின்(இலக்கணம்) வாசிக்கிறது; சுட்டுவது"
"80706"	"மண் நிறமாகிறது; நீர்க்கொள் நோய்கொள் (வழியே)."
"80817"	"வன்முதலாக்குகிறார்; நீதிபரிக்கிறார்; தீர்க்கிறார்"
"80912"	"உயர்கிறது; உருவாகிறது; ஏற்படுகிறது (இல்); மண்ணில் நிற்கிறது"
"80944"	"செய்கிறது (வெயலைப் பற்றி); செயல்படுகிறது (எதிர்கொள்ள); நடிக்கிறது (தோனையில்)"
"81016"	"அதிகாரமும் அடியுறுதியாக இருக்கிறது (க்கு)"
"81044"	"ஆகிறாறு; நிறுவப்பட்டுள்ளது (கேட்ட); உரு. ஒன்றாக நிற்கிறது"
"81090"	"பரவுகிறது, ஓடுகிறது, ஒளிந்துள்ளது, இணையிறது, வாட்டுகிறது"
"81208"	"தீ வைக்கிறது; தீயை ஒளிக்கிறத; அளிக்கிறது"
"81217"	"அடைந்தாள், வந்து சென்றாள், எடுத்தாள், உண்மையில் வந்தது"
"81223"	"(ஒன்றாகும்) தொடர்கிறது; மேற்கொள்கிறது; நிலைத்தருகிறது; பிறகு நகர்க்கிறது"
"81249"	"தடையிடுகிறது; பந்தயமிடுகிறது (இருந்து)"
"81250"	"ஆட்டுகிறான்; மடற்கிறது; குவியால் உருவாகிறது; ஒவ்வொன்றையும் கட்டி வைத்திருக்கிறது"
"81390"	"விட்டுக்கொடுக்கும்; விலக்குகிறது; இறக்குகிறது; விலக்குகிறது; கல்வெட்டில் உடனே விலக்கக் கூடியது"
"82765"	"உறந்ததை நோக்கி செல்கிறான்; பின்னே சென்று கட்டி விடுகிறது; கெட்டுவிடുന്നു; நேருக்கே கீழ் சேர்க்கிறது"
"82833"	"எடுத்துச் செல்லுகிறார்; சேகரிக்கிறார்; அள்ளுவதைக் குறிப்பிடுகிறது"
"82869"	"லோகத்திலிருந்து உறைக்கிறது; காட்சியில் இருந்து பாதுகாக்கிறது"
"82875"	"(ஒரு நோய்) மேம்படும்; மீண்டும் சரியாகும்(இல்); மொழி அடிப்படையில் விடுபடுகிறது"
"82886"	"(ஒரு பருத்தி) இழுக்கப்படுகிறது; பொருள் வகையிலே வழிநடத்தப்படுகிறது"
"82903"	"அணைக்கிறது; வருகின்றது (இலக்கணம்); முன்னே ஆகிறது"
"82907"	"தயாரிக்கிறது; நடத்துகிறது; ஸ்தாபிக்கிறது; மாற்றுக்கருத்தில் இதற்கு உகந்ததாக ஆக்குவதற்கு கஷ்டப்படுத்துகிறது"
"83013"	"வருமானத்தைப் பெறுகிறது (இது); செலவிலும் வாழ்கிறது (வாழ்க்கையைப் பற்றி)"
"83054"	"செய்கிறான்; நடிக்கிறான்; சம்மந்தமாக நடத்துகிறான் (ஒருவரிடம்)"
"83114"	"அணிந்து விடுகிறார்; கொள்ளை அடிக்கிறார்; கடியாக வெட்டி விடுகிறார்"
"83188"	"செலுத்துகிறது; சிதறுகிறது; ஆழ்மனையைப் போலி செய்கிறது; அப்படித்தான் செல்கிறது"
"83240"	"கொல்லுகிறது; அழிக்கிறது; கெடுத்துவிடுகிறது"
"83255"	"எடுத்துக்கொள்வது; பயன்படுத்துகிறது (வாழ்க்கையை)"
"83742"	"(வேலைக்குறித்து) பொருத்திக்கொடுக்கிறது; பொறுப்பில் வைக்கும்; மினாவாக வழங்குகிறது"
"85782"	"உள்ளது, நிகழ்கிறது, ஏற்படுகிறது"
"86145"	"விசுபவாக்கமாகவும், தெளிவாகவும், விளக்கமாகவும் இருக்கிறது; வெளிப்படையாகவும் உள்ளது"
"87132"	"பிறப்பிக்கிறது; உடல் பெற்றிருக்கச் செய்வது"
"87982"	"அழித்துவிடுகிறது; கிழிக்கிறது; நேராக அழிக்கச் செய்கிறது"
"87984"	"சொல்கிறான்; பேசுகிறான்"
"88040"	"தேர்ந்தெடுக்கிறது; தீர்க்கிறது; உருவாக்கத் திட்டமிடுகிறது; (காம்) சிந்திக்கிறது; வெளியாக விடப்பட்டுள்ளது"
"88043"	"நெறி நோக்கி அணுகுகிறது; உள்ளங்கையில் சென்றுவரும்"
"88044"	"எழுதுகிறது; ஊழிப்பது (எண்ணம் உடைய); நெஞ்சில் ஊற்று"
"88103"	"குறிப்பிடுகிறது, காண்கிறது, நோக்குகிறது, விவரிக்கிறது"
"88105"	"காட்டப்படுகிறது, குறிப்பிடப்படுகிறது"
"88109"	"(வெயிலைப் பற்றி) இழுக்கிறது; கற்றுக்கொள்ளும்; உயரமாக்குகிறது"
"88136"	"ஒன்றாக இணைகிறது, ஒன்றாக உள்ளது, ஒப்புக்கொடுக்கிறது (உடன்), அப்படியென்றால் ஒன்றாகச் செல்கிறது"
"88140"	"செல்லுகிறது; முன்னேறுகிறது; அடையிறது; உடுப்பாகும், பிறந்த இடத்தை அடி விடுகிறது"
"88141"	"வெளியே செல்கின்றான்; கடந்து பயணிக்கிறான்; பொருளார்ந்தது: மேலே போகின்றது"
"88609"	"விலக்கப்படுகிறான்; விடுதலையளிக்கப்படுகிறது; வரும்போது வரும்"
"88610"	"எடைபட்டுக் கொண்டு செல்கிறது; பொருளாகக் கொண்டு செல்கிறது"
"88637"	"சொர்க்கப் பேசுகிறது; உரையாடுகிறது; உரையாடுகிறது"
"88679"	"என்னவென்றால்; நோக்குவதாக; உண்மையில் கடந்துபோன்று"
"88804"	"சென்று வருகிறது, நடக்கிறது (இப்போது)"
"88824"	"கூட坐, (மேல்)"
"89051"	"மதிப்பிடுகிறது; மரியாதிக்கிறது (யாரையோ); ஒருங்கே சிந்திக்கிறது"
"89209"	"அணிகுடும்பமாக அனுப்புவது; விதிமுறையின்படி உங்களை திறனாயிற்று"
