id,pali,selected_pali_word,sutta_number,sutta_name,class_example
902,acirūpasampanna,acir'ūpasampanno,sn35.241,paṭhamadārukkhandhopamasuttaṃ,acir'ūpasampanno ca pan'āyasmā nando eko vūpakaṭṭho appamatto ātāpī pahit'atto viharanto nacirass'eva yass'atthāya kulaputtā samma'd'eva agārasmā anagāriyaṃ pabbajanti.
1849,aṭṭhāsi 1,aṭṭhāsi,sn35.118,sakkapañhasuttaṃ,upasaṅkamitvā bhagavantaṃ abhivādetvā ekam'antaṃ aṭṭhāsi.
3807,anaya 1.1,anayaṃ,sn35.230,bāḷisikopamasuttaṃ,"evaṃ hi so, bhikkhave, maccho gilitabaḷiso bāḷisikassa, <b>anayaṃ</b> āpanno byasanaṃ āpanno yathākāmakaraṇīyo bāḷisikassa."
6971,appamāṇa 1,appamāṇacetaso,sn35.247,chappāṇakopamasuttaṃ,"upaṭṭhitakāyassati ca viharati <b>appamāṇacetaso</b>, tañ'ca cetovimuttiṃ paññāvimuttiṃ yathābhūtaṃ pajānāti yatth'assa te uppannā pāpakā akusalā dhammā aparisesā nirujjhanti."
7459,abrahmacārī,abrahmacārī,sn35.241,paṭhamadārukkhandhopamasuttaṃ,"idha, bhikkhu, ekacco dussīlo hoti pāpadhammo asucisaṅkassarasamācāro paṭicchannakamm'anto assamaṇo samaṇapaṭiñño <b>abrahmacārī</b> brahmacāripaṭiñño antopūti avassuto kasambujāto."
9148,alattha 1,alattha,sn35.241,paṭhamadārukkhandhopamasuttaṃ,"alattha kho nando gopālako bhagavato santike pabbajjaṃ, <b>alattha</b> upasampadaṃ."
9982,assamaṇa 2,assamaṇo,sn35.241,paṭhamadārukkhandhopamasuttaṃ,"idha, bhikkhu, ekacco dussīlo hoti pāpadhammo asucisaṅkassarasamācāro paṭicchannakamm'anto <b>assamaṇo</b> samaṇapaṭiñño abrahmacārī brahmacāripaṭiñño antopūti avassuto kasambujāto."
10418,avassuta,avassuto,sn35.241,paṭhamadārukkhandhopamasuttaṃ,"idha, bhikkhu, ekacco dussīlo hoti pāpadhammo asucisaṅkassarasamācāro paṭicchannakamm'anto assamaṇo samaṇapaṭiñño abrahmacārī brahmacāripaṭiñño antopūti <b>avassuto</b> kasambujāto."
11718,ānanda 2,ānando,sn35.85,suññatalokasuttaṃ,"atha kho āyasmā <b>ānando</b> bhagavantaṃ etadavoca: suñño loko, suñño loko'ti, bhante, vuccati."
12123,āmisagata,āmisagatabaḷisaṃ,sn35.230,bāḷisikopamasuttaṃ,"seyyathā'pi, bhikkhave, bāḷisiko <b>āmisagatabaḷisaṃ</b> gambhīre udakarahade pakkhipeyya."
13147,āvuso,āvuso,sn35.232,koṭṭhikasuttaṃ,"ekam'antaṃ nisinno kho āyasmā mahākoṭṭhiko āyasmantaṃ sāriputtaṃ etadavoca: kiṃ nu kho, <b>āvuso</b> sāriputta, cakkhu rūpānaṃ saṃyojanaṃ, rūpā cakkhussa saṃyojanaṃ"
13415,iṭṭha 1.1,iṭṭhā,sn35.118,sakkapañhasuttaṃ,"santi, bhikkhave, cakkhuviññeyyā rūpā <b>iṭṭhā</b> kantā manāpā piyarūpā kām'ūpasaṃhitā rajanīyā."
13809,iminā,iminā,sn35.232,koṭṭhikasuttaṃ,"iminā'p'etaṃ, āvuso, pariyāyena veditabbaṃ yathā na cakkhu rūpānaṃ saṃyojanaṃ, na rūpā cakkhussa saṃyojanaṃ, yañ'ca tattha tadubhayaṃ paṭicca uppajjati chandarāgo taṃ tattha saṃyojanaṃ"
14881,udakarahada,udakarahade,sn35.230,bāḷisikopamasuttaṃ,"seyyathā'pi, bhikkhave, bāḷisiko āmisagatabaḷisaṃ gambhīre <b>udakarahade</b> pakkhipeyya."
16164,upasaṃhita 1,kām'ūpasaṃhitā,sn35.118,sakkapañhasuttaṃ,"santi kho, devānam'inda, cakkhuviññeyyā rūpā iṭṭhā kantā manāpā piyarūpā <b>kām'ūpasaṃhitā</b> rajanīyā."
18114,evampi,evam'pi,sn35.28,ādittasuttaṃ,"yaṃ taṃ, upavāṇa, bhikkhu cakkhunā rūpaṃ disvā rūpappaṭisaṃvedī ca hoti rūparāgappaṭisaṃvedī ca, santañ'ca ajjhattaṃ rūpesu rāgaṃ atthi me ajjhattaṃ rūpesu rāgoti pajānāti, <b>evam'pi</b> kho, upavāṇa, sandiṭṭhiko dhammo hoti akāliko ehipassiko opanayiko paccattaṃ veditabbo viññūhī ti."
19956,kanta 1.1,kantā,sn35.118,sakkapañhasuttaṃ,"santi, bhikkhave, cakkhuviññeyyā rūpā iṭṭhā <b>kantā</b> manāpā piyarūpā kām'ūpasaṃhitā rajanīyā."
20732,kasambu,kasambujāto,sn35.241,paṭhamadārukkhandhopamasuttaṃ,"idha, bhikkhu, ekacco dussīlo hoti pāpadhammo asucisaṅkassarasamācāro paṭicchannakamm'anto assamaṇo samaṇapaṭiñño abrahmacārī brahmacāripaṭiñño antopūti avassuto <b>kasambujāto</b>."
20736,kasambujāta,kasambujāto,sn35.241,paṭhamadārukkhandhopamasuttaṃ,"idha, bhikkhu, ekacco dussīlo hoti pāpadhammo asucisaṅkassarasamācāro paṭicchannakamm'anto assamaṇo samaṇapaṭiñño abrahmacārī brahmacāripaṭiñño antopūti avassuto <b>kasambujāto</b>."
21621,kiccakaraṇīya,kiccakaraṇīyesu,sn35.241,paṭhamadārukkhandhopamasuttaṃ,"idha, bhikkhu, gihīhi saṃsaṭṭho viharati sahanandī sahasokī, sukhitesu sukhito, dukkhitesu dukkhito, uppannesu <b>kiccakaraṇīyesu</b> attanā tesu yogaṃ āpajjati."
24946,gilati,gileyya,sn35.230,bāḷisikopamasuttaṃ,tam'enaṃ aññataro āmisacakkhu maccho <b>gileyya</b>.
25342,gopālaka,gopālako,sn35.241,paṭhamadārukkhandhopamasuttaṃ,tena kho pana samayena nando <b>gopālako</b> bhagavato avidūre ṭhito hoti.
26212,caparaṃ,caparaṃ,sn35.70,upavāṇasandiṭṭhikasuttaṃ,"puna <b>caparaṃ</b>, upavāṇa, bhikkhu manasā dhammaṃ viññāya dhammappaṭisaṃvedī ca hoti dhammarāgappaṭisaṃvedī ca, santañ'ca ajjhattaṃ dhammesu rāgaṃ atthi me ajjhattaṃ dhammesu rāgoti pajānāti."
27524,chayime,cha'y'ime,sn35.230,bāḷisikopamasuttaṃ,"evam'eva kho, bhikkhave, cha'y'ime baḷisā lokasmiṃ anayāya sattānaṃ, vadhāya pāṇinaṃ."
29295,tañca 1,taṃ,sn35.24,pahānasuttaṃ,taṃ suṇātha.
29301,tañce,tañ'ce,sn35.118,sakkapañhasuttaṃ,"tañ'ce bhikkhu abhinandati abhivadati ajjhosāya tiṭṭhati, tassa taṃ abhinandato abhivadato ajjhosāya tiṭṭhato tan'nissitaṃ viññāṇaṃ hoti tadupādānaṃ."
29835,tadubhaya,tadubhayaṃ,sn35.232,koṭṭhikasuttaṃ,"na cakkhu rūpānaṃ saṃyojanaṃ, na rūpā cakkhussa saṃyojanaṃ, yañ'ca tattha <b>tadubhayaṃ</b> paṭicca uppajjati chandarāgo taṃ tattha saṃyojanaṃ."
33839,dussīla 1,dussīlo,sn35.241,paṭhamadārukkhandhopamasuttaṃ,"idha, bhikkhu, ekacco <b>dussīlo</b> hoti pāpadhammo asucisaṅkassarasamācāro paṭicchannakamm'anto assamaṇo samaṇapaṭiñño abrahmacārī brahmacāripaṭiñño antopūti avassuto kasambujāto."
34874,dhammasammudita,dhammasammuditā,sn35.136,paṭhamarūpārāmasuttaṃ,"hammārāmā, bhikkhave, devamanussā dhammaratā <b>dhammasammuditā</b>."
38340,nissita 1,nissitaṃ,sn35.118,sakkapañhasuttaṃ,"tañ'ce bhikkhu abhinandati abhivadati ajjhosāya tiṭṭhati, tassa taṃ abhinandato abhivadato ajjhosāya tiṭṭhato tan'<b>nissitaṃ</b> viññāṇaṃ hoti tadupādānaṃ."
40082,paññāyetha,paññāyetha,sn35.232,koṭṭṭhikasuttaṃ,"cakkhu vā, āvuso, rūpānaṃ saṃyojanaṃ abhavissa, rūpā vā cakkhussa saṃyojanaṃ, na'y'idaṃ brahmacariyavāso <b>paññāyetha</b> sammā dukkhakkhayāya."
40109,paññāvimutti,paññāvimutti,sn35.247,chappāṇakopamasuttaṃ,"upaṭṭhitakāyassati ca viharati appamāṇacetaso, tañ'ca cetovimuttiṃ <b>paññāvimuttiṃ</b> yathābhūtaṃ pajānāti yatth'assa te uppannā pāpakā akusalā dhammā aparisesā nirujjhanti."
40385,paṭicchannakammanta,paṭicchannakamm'anto,sn35.241,paṭhamadārukkhandhopamasuttaṃ,"idha, bhikkhu, ekacco dussīlo hoti pāpadhammo asucisaṅkassarasamācāro <b>paṭicchannakamm'anto</b> assamaṇo samaṇapaṭiñño abrahmacārī brahmacāripaṭiñño antopūti avassuto kasambujāto."
40896,paṭisaṃvediyetha,paṭisaṃvediyetha,sn35.247,chappāṇakopamasuttaṃ,"evaṃ hi so, bhikkhave, puriso bhiyyosomattāya tatonidānaṃ dukkhaṃ domanassaṃ <b>paṭisaṃvediyetha</b>."
45140,pahīyati 1.1,pahīyati,sn35.53,avijjāpahānasuttaṃ,"cakkhuṃ kho, bhikkhu, aniccato jānato passato avijjā <b>pahīyati</b>, vijjā uppajjati."
45606,pāpadhamma 1,pāpadhammo,sn35.241,paṭhamadārukkhandhopamasuttaṃ,"idha, bhikkhu, ekacco dussīlo hoti <b>pāpadhammo</b> asucisaṅkassarasamācāro paṭicchannakamm'anto assamaṇo samaṇapaṭiñño abrahmacārī brahmacāripaṭiñño antopūti avassuto kasambujāto."
45726,pāra 1.1,pāraṅ,sn35.228,paṭhamasamuddasuttaṃ,tiṇṇo pāraṅ'gato thale tiṭṭhati brāhmaṇo.
46170,piya 1,piyarūpā,sn35.118,sakkapañhasuttaṃ,"santi kho, devānam'inda, cakkhuviññeyyā rūpā iṭṭhā kantā manāpā <b>piyarūpā</b> kām'ūpasaṃhitā rajanīyā."
48227,baḷisa 1,baḷisaṃ,sn35.230,bāḷisikopamasuttaṃ,"seyyathā'pi, bhikkhave, bāḷisiko āmisagatabaḷisaṃ gambhīre udakarahade pakkhipeyya."
48404,bāḷisika,bāḷisiko,sn35.230,bāḷisikopamasuttaṃ,"seyyathā'pi, bhikkhave, <b>bāḷisiko</b> āmisagatabaḷisaṃ gambhīre udakarahade pakkhipeyya."
48928,brahmacariyavāsa,brahmacariyavāso,sn35.232,koṭṭhikasuttaṃ,"cakkhu vā, āvuso, rūpānaṃ saṃyojanaṃ abhavissa, rūpā vā cakkhussa saṃyojanaṃ, na'y'idaṃ <b>brahmacariyavāso</b> paññāyetha sammā dukkhakkhayāya."
48941,brahmacāripaṭiñña,brahmacāripaṭiñño,sn35.241,paṭhamadārukkhandhopamasuttaṃ,"idha, bhikkhu, ekacco dussīlo hoti pāpadhammo asucisaṅkassarasamācāro paṭicchannakamm'anto assamaṇo samaṇapaṭiñño abrahmacārī <b>brahmacāripaṭiñño</b> antopūti avassuto kasambujāto."
50639,maccha,maccho,sn35.230,bāḷisikopamasuttaṃ,"evaṃ hi so, bhikkhave, <b>maccho</b> gilitabaḷiso bāḷisikassa, anayaṃ āpanno byasanaṃ āpanno yathākāmakaraṇīyo bāḷisikassa."
51140,manāpa 1,manāpā,sn35.118,sakkapañhasuttaṃ,"santi kho, devānam'inda, cakkhuviññeyyā rūpā iṭṭhā kantā <b>manāpā</b> piyarūpā kām'ūpasaṃhitā rajanīyā."
51680,mahākoṭṭhika,mahākoṭṭhiko,sn35.232,koṭṭhikasuttaṃ,ekaṃ samayaṃ āyasmā ca sāriputto āyasmā ca <b>mahākoṭṭhiko</b> bārāṇasiyaṃ viharanti isipatane migadāye.
54177,yenāyasmā,yen'āyasmā,sn35.70,upavāṇasandiṭṭhikasuttaṃ,atha kho āyasmā mahākoṭṭhiko sāy'anhasamayaṃ paṭisallānā vuṭṭhito yen'āyasmā sāriputto ten'upasaṅkami.
54511,rata,ratā,sn35.136,paṭhamarūpārāmasuttaṃ,"rūp'ārāmā, bhikkhave, devamanussā rūpa<b>ratā</b> rūpasammuditā. rūpavipariṇāmavirāganirodhā dukkhaṃ, bhikkhave, devamanussā viharanti."
55643,labheyyāhaṃ,labheyy'āhaṃ,sn35.241,paṭhamadārukkhandhopamasuttaṃ,"<b>labheyy'āhaṃ</b>, bhante, bhagavato santike pabbajjaṃ, labheyyaṃ upasampadan'ti."
56633,saṅkassara,saṅkassara,sn35.241,paṭhamadārukkhandhopamasuttaṃ,"idha, bhikkhu, ekacco dussīlo hoti pāpadhammo asuci<b>saṅkassara</b>samācāro paṭicchannakamm'anto assamaṇo samaṇapaṭiñño abrahmacārī brahmacāripaṭiñño antopūti avassuto kasambujāto."
58273,santiṭṭhati 1,santiṭṭhati,sn35.246,vīṇopamasuttaṃ,"evam'eva kho, bhikkhave, yato kho bhikkhuno chasu phass'āyatanesu cittaṃ udujitaṃ hoti sudujitaṃ, ajjhattam'eva <b>santiṭṭhati</b> sannisīdati ekodi hoti samādhiyati."
59193,samaṇapaṭiñña,samaṇapaṭiñño,sn35.241,paṭhamadārukkhandhopamasuttaṃ,"idha, bhikkhu, ekacco dussīlo hoti pāpadhammo asucisaṅkassarasamācāro paṭicchannakamm'anto assamaṇo <b>samaṇapaṭiñño</b> abrahmacārī brahmacāripaṭiñño antopūti avassuto kasambujāto."
59555,samācāra,samācāro,sn35.247,chappāṇakopamasuttaṃ,ayaṃ so āyasmā evaṃkārī evaṃ<b>samācāro</b> asucigāmakaṇṭako'ti.
61401,sahanandī,sahanandī,sn35.241,paṭhamadārukkhandhopamasuttaṃ,"idha, bhikkhu, gihīhi saṃsaṭṭho viharati <b>sahanandī</b> sahasokī, sukhitesu sukhito, dukkhitesu dukkhito, uppannesu kiccakaraṇīyesu attanā tesu yogaṃ āpajjati."
61429,sahasokī,sahasokī,sn35.241,paṭhamadārukkhandhopamasuttaṃ,"idha, bhikkhu, gihīhi saṃsaṭṭho viharati sahanandī <b>sahasokī</b>, sukhitesu sukhito, dukkhitesu dukkhito, uppannesu kiccakaraṇīyesu attanā tesu yogaṃ āpajjati."
62361,sāmika 1,sāmikānaṃ,sn35.241,paṭhamadārukkhandhopamasuttaṃ,"niyyāteh'eva tvaṃ, nanda, <b>sāmikānaṃ</b> gāvo'ti."
62511,sārāṇīya,sārāṇīyaṃ,sn35.232,koṭṭhikasuttaṃ,upasaṅkamitvā āyasmatā sāriputtena saddhiṃ sammodi. sammodanīyaṃ kathaṃ <b>sārāṇīyaṃ</b> vītisāretvā ekam'antaṃ nisīdi.
62518,sāriputta,sāriputto,sn35.232,koṭṭhikasuttaṃ,ekaṃ samayaṃ āyasmā ca <b>sāriputto</b> āyasmā ca mahākoṭṭhiko bārāṇasiyaṃ viharanti isipatane migadāye.
63455,sukha 1,sukhaṃ,sn35.24,pahānasuttaṃ,yam'p'idaṃ cakkhusamphassapaccayā uppajjati vedayitaṃ <b>sukhaṃ</b> vā dukkhaṃ vā adukkham'asukhaṃ vā tam'pi pahātabbaṃ.
67580,vijānāti 1,vijānāti,sn35.232,koṭṭhikasuttaṃ,"saṃvijjati kho, āvuso, bhagavato mano. <b>vijānāti</b> bhagavā manasā dhammaṃ."
67804,viññeyya 2,viññeyyā,sn35.118,sakkapañhasuttaṃ,"santi kho, devānam'inda, cakkhuviññeyyā rūpā iṭṭhā kantā manāpā piyarūpā kām'ūpasaṃhitā rajanīyā."
