id,pali,selected_pali_word,class_source,extra,class_example,english_translation,Class
7751,abhidā,,,,,,
11283,ācarita,,,,,,
3053,adhamma 1,,,,,,
9899,asma,,,,,,
5194,anusaññātuṃ,anusaññātuṃ,AN2.40,,"yasmiṃ, bhikkhave, samaye rājāno balavanto honti, corā tasmiṃ samaye dubbalā honti. tasmiṃ, bhikkhave, samaye rañño phāsu hoti atiyātuṃ vā niyyātuṃ vā paccantime vā janapade <b>anusaññātuṃ</b>.","At whichever time kings are strong, robbers are weak. At that time it is easy for the king to re-enter or to go out and to visit the outlying districts.",
2262,atiyātuṃ,atiyātuṃ,AN2.40,,"yasmiṃ, bhikkhave, samaye rājāno balavanto honti, corā tasmiṃ samaye dubbalā honti. tasmiṃ, bhikkhave, samaye rañño phāsu hoti <b>atiyātuṃ</b> vā niyyātuṃ vā paccantime vā janapade anusaññātuṃ.","At whichever time kings are strong, robbers are weak. At that time it is easy for the king to re-enter or to go out and to visit the outlying districts.",
33673,dubbala 1,dubbalā,AN2.40,,"yasmiṃ, bhikkhave, samaye rājāno balavanto honti, corā tasmiṃ samaye <b>dubbalā</b> honti. tasmiṃ, bhikkhave, samaye rañño phāsu hoti atiyātuṃ vā niyyātuṃ vā paccantime vā janapade anusaññātuṃ.","At whichever time kings are strong, robbers are weak. At that time it is easy for the king to re-enter or to go out and to visit the outlying districts.",
27872,janapada,janapade,AN2.40,,"yasmiṃ, bhikkhave, samaye rājāno balavanto honti, corā tasmiṃ samaye dubbalā honti. tasmiṃ, bhikkhave, samaye rañño phāsu hoti atiyātuṃ vā niyyātuṃ vā paccantime vā <b>janapade</b> anusaññātuṃ.","At whichever time kings are strong, robbers are weak. At that time it is easy for the king to re-enter or to go out and to visit the outlying districts.",
37941,niyyātuṃ,niyyātuṃ,AN2.40,,"yasmiṃ, bhikkhave, samaye rājāno balavanto honti, corā tasmiṃ samaye dubbalā honti. tasmiṃ, bhikkhave, samaye rañño phāsu hoti atiyātuṃ vā <b>niyyātuṃ</b> vā paccantime vā janapade anusaññātuṃ.","At whichever time kings are strong, robbers are weak. At that time it is easy for the king to re-enter or to go out and to visit the outlying districts.",
39364,paccantima,paccantime,AN2.40,,"yasmiṃ, bhikkhave, samaye rājāno balavanto honti, corā tasmiṃ samaye dubbalā honti. tasmiṃ, bhikkhave, samaye rañño phāsu hoti atiyātuṃ vā niyyātuṃ vā <b>paccantime</b> vā janapade anusaññātuṃ.","At whichever time kings are strong, robbers are weak. At that time it is easy for the king to re-enter or to go out and to visit the outlying districts.",
47717,phāsu 1,phāsu,AN2.40,,"yasmiṃ, bhikkhave, samaye rājāno balavanto honti, corā tasmiṃ samaye dubbalā honti. tasmiṃ, bhikkhave, samaye rañño <b>phāsu</b> hoti atiyātuṃ vā niyyātuṃ vā paccantime vā janapade anusaññātuṃ.","At whichever time kings are strong, robbers are weak. At that time it is easy for the king to re-enter or to go out and to visit the outlying districts.",
53841,yasmiṃ 1,yasmiṃ,AN2.40,,"<b>yasmiṃ</b>, bhikkhave, samaye rājāno balavanto honti, corā tasmiṃ samaye dubbalā honti. tasmiṃ, bhikkhave, samaye rañño phāsu hoti atiyātuṃ vā niyyātuṃ vā paccantime vā janapade anusaññātuṃ.","At whichever time kings are strong, robbers are weak. At that time it is easy for the king to re-enter or to go out and to visit the outlying districts.",
77762,yasmiṃ tasmiṃ,yasmiṃ,AN2.40,,"<b>yasmiṃ</b>, bhikkhave, samaye rājāno balavanto honti, corā <b>tasmiṃ</b> samaye dubbalā honti. tasmiṃ, bhikkhave, samaye rañño phāsu hoti atiyātuṃ vā niyyātuṃ vā paccantime vā janapade anusaññātuṃ.","At whichever time kings are strong, robbers are weak. At that time it is easy for the king to re-enter or to go out and to visit the outlying districts.",
51705,mahācora,mahācoro,AN3.51,yes,"idha, bhikkhave, <b>mahācoro</b> rājānaṃ vā rājamahāmattānaṃ vā nissito hoti.","Here, monks, a master thief is dependent on kings or the royal ministers.",
51872,mahāmatta,rājamahāmattānaṃ,AN3.51,yes,"idha, bhikkhave, mahācoro rājānaṃ vā rāja<b>mahāmattānaṃ</b> vā nissito hoti.","Here, monks, a master thief is dependent on kings or the royal ministers.",
38340,nissita 1,nissito,AN3.51,yes,"idha, bhikkhave, mahācoro rājānaṃ vā rājamahāmattānaṃ vā <b>nissito</b> hoti.","Here, monks, a master thief is dependent on kings or the royal ministers.",
54927,rājamahāmatta,rājamahāmattānaṃ,AN3.51,yes,"idha, bhikkhave, mahācoro rājānaṃ vā <b>rājamahāmattānaṃ</b> vā nissito hoti.","Here, monks, a master thief is dependent on kings or the royal ministers.",
8576,amuka,,AN3.71,yes,"gopālako sāyanhasamaye sāmikānaṃ gāvo niyyātetvā iti paṭisañcikkhati: ""ajja kho gāvo <b>amukasmiñ</b>'ca <b>amukasmiñ</b>'ca padese cariṃsu""","In the evening, a young cowherd, having handed over the cattle to the owners, reflects thus: “Today, indeed, the cattle grazed in this place and in that place…”",
26295,cari 1.1,cariṃsu,AN3.71,yes,"gopālako sāyanhasamaye sāmikānaṃ gāvo niyyātetvā iti paṭisañcikkhati: ""ajja kho gāvo amukasmiñ'ca amukasmiñ'ca padese <b>cariṃsu</b>""","In the evening, a young cowherd, having handed over the cattle to the owners, reflects thus: “Today, indeed, the cattle grazed in this place and in that place…”",
73798,gāvo 2,gāvo,AN3.71,yes,"gopālako sāyanhasamaye sāmikānaṃ <b>gāvo</b> niyyātetvā iti paṭisañcikkhati: ""ajja kho gāvo amukasmiñ'ca amukasmiñ'ca padese cariṃsu""","In the evening, a young cowherd, having handed over the cattle to the owners, reflects thus: “Today, indeed, the cattle grazed in this place and in that place…”",
25342,gopālaka,gopālako,AN3.71,yes,"<b>gopālako</b> sāyanhasamaye sāmikānaṃ gāvo niyyātetvā iti paṭisañcikkhati: ""ajja kho gāvo amukasmiñ'ca amukasmiñ'ca padese cariṃsu""","In the evening, a young cowherd, having handed over the cattle to the owners, reflects thus: “Today, indeed, the cattle grazed in this place and in that place…”",
37945,niyyātetvā 1,niyyātetvā,AN3.71,yes,"gopālako sāyanhasamaye sāmikānaṃ gāvo <b>niyyātetvā</b> iti paṭisañcikkhati: ""ajja kho gāvo amukasmiñ'ca amukasmiñ'ca padese cariṃsu""","In the evening, a young cowherd, having handed over the cattle to the owners, reflects thus: “Today, indeed, the cattle grazed in this place and in that place…”",
42213,padesa 1,padese,AN3.71,yes,"gopālako sāyanhasamaye sāmikānaṃ gāvo niyyātetvā iti paṭisañcikkhati: ""ajja kho gāvo amukasmiñ'ca amukasmiñ'ca <b>padese</b> cariṃsu""","In the evening, a young cowherd, having handed over the cattle to the owners, reflects thus: “Today, indeed, the cattle grazed in this place and in that place…”",
45847,pālaka 1,,AN3.71,yes,"go<b>pālako</b> sāyanhasamaye sāmikānaṃ gāvo niyyātetvā iti paṭisañcikkhati: ""ajja kho gāvo amukasmiñ'ca amukasmiñ'ca padese cariṃsu""","In the evening, a young cowherd, having handed over the cattle to the owners, reflects thus: “Today, indeed, the cattle grazed in this place and in that place…”",
62361,sāmika 1,sāmikānaṃ,AN3.71,yes,"gopālako sāyanhasamaye <b>sāmikānaṃ</b> gāvo niyyātetvā iti paṭisañcikkhati: ""ajja kho gāvo amukasmiñ'ca amukasmiñ'ca padese cariṃsu""","In the evening, a young cowherd, having handed over the cattle to the owners, reflects thus: “Today, indeed, the cattle grazed in this place and in that place…”",
62402,sāyanha,,AN3.71,yes,"gopālako <b>sāyanha</b>samaye sāmikānaṃ gāvo niyyātetvā iti paṭisañcikkhati: ""ajja kho gāvo amukasmiñ'ca amukasmiñ'ca padese cariṃsu""","In the evening, a young cowherd, having handed over the cattle to the owners, reflects thus: “Today, indeed, the cattle grazed in this place and in that place…”",
62404,sāyanhasamaya,sāyanhasamaye,AN3.71,yes,"gopālako <b>sāyanhasamaye</b> sāmikānaṃ gāvo niyyātetvā iti paṭisañcikkhati: ""ajja kho gāvo amukasmiñ'ca amukasmiñ'ca padese cariṃsu""","In the evening, a young cowherd, having handed over the cattle to the owners, reflects thus: “Today, indeed, the cattle grazed in this place and in that place…”",
25112,gunnaṃ 1,gunnaṃ,AN3.83,,"tassa na tādiso vaṇṇo hoti seyyathā'pi <b>gunnaṃ</b>, na tādiso saro hoti seyyathā'pi gunnaṃ, na tādisaṃ padaṃ hoti seyyathā'pi gunnaṃ.","His colour is not like that of the cows, his sound is not like that of the cows, his footprint is not like that of the cows.",
42060,pada 09,padaṃ,AN3.83,,"tassa na tādiso vaṇṇo hoti seyyathā'pi gunnaṃ, na tādiso saro hoti seyyathā'pi gunnaṃ, na tādisaṃ <b>padaṃ</b> hoti seyyathā'pi gunnaṃ.","His colour is not like that of the cows, his sound is not like that of the cows, his footprint is not like that of the cows.",
60989,sara 2.1,saro,AN3.83,,"tassa na tādiso vaṇṇo hoti seyyathā'pi gunnaṃ, na tādiso <b>saro</b> hoti seyyathā'pi gunnaṃ, na tādisaṃ padaṃ hoti seyyathā'pi gunnaṃ.","His colour is not like that of the cows, his sound is not like that of the cows, his footprint is not like that of the cows.",
65896,vaṇṇa 1.03,vaṇṇo,AN3.83,,"tassa na tādiso <b>vaṇṇo</b> hoti seyyathā'pi gunnaṃ, na tādiso saro hoti seyyathā'pi gunnaṃ, na tādisaṃ padaṃ hoti seyyathā'pi gunnaṃ.","His colour is not like that of the cows, his sound is not like that of the cows, his footprint is not like that of the cows.",
3554,anattani,anattani,AN4.49,,"<b>anattani</b>, bhikkhave, attāti saññāvipallāso cittavipallāso diṭṭhivipallāso.","""In regard to what is not (a) self, ""(This is) self"". (is) the distortion of perception, the distortion of thought, the distortion of view.",
26660,cittavipallāsa,cittavipallāso,AN4.49,,"anattani, bhikkhave, attāti saññāvipallāso <b>cittavipallāso</b> diṭṭhivipallāso.","""In regard to what is not (a) self, ""(This is) self"". (is) the distortion of perception, the distortion of thought, the distortion of view.",
32555,diṭṭhivipallāso,diṭṭhivipallāso,AN4.49,,"anattani, bhikkhave, attāti saññāvipallāso cittavipallāso <b>diṭṭhivipallāso</b>.","""In regard to what is not (a) self, ""(This is) self"". (is) the distortion of perception, the distortion of thought, the distortion of view.",
57453,saññāvipallāsa,saññāvipallāso,AN4.49,,"anattani, bhikkhave, attāti <b>saññāvipallāso</b> cittavipallāso diṭṭhivipallāso.","""In regard to what is not (a) self, ""(This is) self"". (is) the distortion of perception, the distortion of thought, the distortion of view.",
68372,vipallāsa 1,vipallāso,AN4.49,,"anattani, bhikkhave, attāti saññā<b>vipallāso</b> cittavipallāso diṭṭhivipallāso.","""In regard to what is not (a) self, ""(This is) self"". (is) the distortion of perception, the distortion of thought, the distortion of view.",
32,akata 1,,AN5.140,yes,"idha, bhikkhave, rañño nāgo yam'enaṃ hatthidammasārathi kāraṇaṃ kāreti, yadi vā katapubbaṃ yadi vā <b>akata</b>pubbaṃ, taṃ aṭṭhiṃ katvā manasi katvā sabbaṃ cetasā samannāharitvā ohitasoto suṇāti.","Here, monks, a king's bull elephant to whichever task the elephant trainer has him perform, whether [it] has been previously done or not previously done, having focused and paid attention on that (task), having concentrated completely with the mind, he listens with applied ear.",
54,akatapubba,akatapubbaṃ,AN5.140,yes,"idha, bhikkhave, rañño nāgo yam'enaṃ hatthidammasārathi kāraṇaṃ kāreti, yadi vā katapubbaṃ yadi vā <b>akatapubbaṃ</b>, taṃ aṭṭhiṃ katvā manasi katvā sabbaṃ cetasā samannāharitvā ohitasoto suṇāti.","Here, monks, a king's bull elephant to whichever task the elephant trainer has him perform, whether [it] has been previously done or not previously done, having focused and paid attention on that (task), having concentrated completely with the mind, he listens with applied ear.",
1854,aṭṭhi 2.1,aṭṭhiṃ,AN5.140,yes,"idha, bhikkhave, rañño nāgo yam'enaṃ hatthidammasārathi kāraṇaṃ kāreti, yadi vā katapubbaṃ yadi vā akatapubbaṃ, taṃ <b>aṭṭhiṃ</b> katvā manasi katvā sabbaṃ cetasā samannāharitvā ohitasoto suṇāti.","Here, monks, a king's bull elephant to whichever task the elephant trainer has him perform, whether [it] has been previously done or not previously done, having focused and paid attention on that (task), having concentrated completely with the mind, he listens with applied ear.",
1895,aṭṭhiṃ katvā,aṭṭhiṃ katvā,AN5.140,yes,"idha, bhikkhave, rañño nāgo yam'enaṃ hatthidammasārathi kāraṇaṃ kāreti, yadi vā katapubbaṃ yadi vā akatapubbaṃ, taṃ <b>aṭṭhiṃ katvā</b> manasi katvā sabbaṃ cetasā samannāharitvā ohitasoto suṇāti.","Here, monks, a king's bull elephant to whichever task the elephant trainer has him perform, whether [it] has been previously done or not previously done, having focused and paid attention on that (task), having concentrated completely with the mind, he listens with applied ear.",
31974,damma 1.1,,AN5.140,yes,"idha, bhikkhave, rañño nāgo yam'enaṃ hatthi<b>damma</b>sārathi kāraṇaṃ kāreti, yadi vā katapubbaṃ yadi vā akatapubbaṃ, taṃ aṭṭhiṃ katvā manasi katvā sabbaṃ cetasā samannāharitvā ohitasoto suṇāti.","Here, monks, a king's bull elephant to whichever task the elephant trainer has him perform, whether [it] has been previously done or not previously done, having focused and paid attention on that (task), having concentrated completely with the mind, he listens with applied ear.",
17968,enaṃ,enaṃ,AN5.140,yes,"idha, bhikkhave, rañño nāgo yam<b>enaṃ</b> hatthidammasārathi kāraṇaṃ kāreti, yadi vā katapubbaṃ yadi vā akatapubbaṃ, taṃ aṭṭhiṃ katvā manasi katvā sabbaṃ cetasā samannāharitvā ohitasoto suṇāti.","Here, monks, a king's bull elephant to whichever task the elephant trainer has him perform, whether [it] has been previously done or not previously done, having focused and paid attention on that (task), having concentrated completely with the mind, he listens with applied ear.",
70903,hatthidamma,,AN5.140,yes,"idha, bhikkhave, rañño nāgo yam'enaṃ <b>hatthidamma</b>sārathi kāraṇaṃ kāreti, yadi vā katapubbaṃ yadi vā akatapubbaṃ, taṃ aṭṭhiṃ katvā manasi katvā sabbaṃ cetasā samannāharitvā ohitasoto suṇāti.","Here, monks, a king's bull elephant to whichever task the elephant trainer has him perform, whether [it] has been previously done or not previously done, having focused and paid attention on that (task), having concentrated completely with the mind, he listens with applied ear.",
70904,hatthidammasārathi,hatthidammasārathi,AN5.140,yes,"idha, bhikkhave, rañño nāgo yam'enaṃ <b>hatthidammasārathi</b> kāraṇaṃ kāreti, yadi vā katapubbaṃ yadi vā akatapubbaṃ, taṃ aṭṭhiṃ katvā manasi katvā sabbaṃ cetasā samannāharitvā ohitasoto suṇāti.","Here, monks, a king's bull elephant to whichever task the elephant trainer has him perform, whether [it] has been previously done or not previously done, having focused and paid attention on that (task), having concentrated completely with the mind, he listens with applied ear.",
21301,kāraṇa 1,kāraṇaṃ,AN5.140,yes,"idha, bhikkhave, rañño nāgo yam'enaṃ hatthidammasārathi <b>kāraṇaṃ</b> kāreti, yadi vā katapubbaṃ yadi vā akatapubbaṃ, taṃ aṭṭhiṃ katvā manasi katvā sabbaṃ cetasā samannāharitvā ohitasoto suṇāti.","Here, monks, a king's bull elephant to whichever task the elephant trainer has him perform, whether [it] has been previously done or not previously done, having focused and paid attention on that (task), having concentrated completely with the mind, he listens with applied ear.",
21382,kāreti 1,kāreti,AN5.140,yes,"idha, bhikkhave, rañño nāgo yam'enaṃ hatthidammasārathi kāraṇaṃ <b>kāreti</b>, yadi vā katapubbaṃ yadi vā akatapubbaṃ, taṃ aṭṭhiṃ katvā manasi katvā sabbaṃ cetasā samannāharitvā ohitasoto suṇāti.","Here, monks, a king's bull elephant to whichever task the elephant trainer has him perform, whether [it] has been previously done or not previously done, having focused and paid attention on that (task), having concentrated completely with the mind, he listens with applied ear.",
19637,katapubba,katapubbaṃ,AN5.140,yes,"idha, bhikkhave, rañño nāgo yam'enaṃ hatthidammasārathi kāraṇaṃ kāreti, yadi vā <b>katapubbaṃ</b> yadi vā akatapubbaṃ, taṃ aṭṭhiṃ katvā manasi katvā sabbaṃ cetasā samannāharitvā ohitasoto suṇāti.","Here, monks, a king's bull elephant to whichever task the elephant trainer has him perform, whether [it] has been previously done or not previously done, having focused and paid attention on that (task), having concentrated completely with the mind, he listens with applied ear.",
19789,katvā 2,katvā,AN5.140,yes,"idha, bhikkhave, rañño nāgo yam'enaṃ hatthidammasārathi kāraṇaṃ kāreti, yadi vā katapubbaṃ yadi vā akatapubbaṃ, taṃ aṭṭhiṃ <b>katvā</b> manasi katvā sabbaṃ cetasā samannāharitvā ohitasoto suṇāti.","Here, monks, a king's bull elephant to whichever task the elephant trainer has him perform, whether [it] has been previously done or not previously done, having focused and paid attention on that (task), having concentrated completely with the mind, he listens with applied ear.",
51113,manasi katvā,manasi katvā,AN5.140,yes,"idha, bhikkhave, rañño nāgo yam'enaṃ hatthidammasārathi kāraṇaṃ kāreti, yadi vā katapubbaṃ yadi vā akatapubbaṃ, taṃ aṭṭhiṃ katvā <b>manasi katvā</b> sabbaṃ cetasā samannāharitvā ohitasoto suṇāti.","Here, monks, a king's bull elephant to whichever task the elephant trainer has him perform, whether [it] has been previously done or not previously done, having focused and paid attention on that (task), having concentrated completely with the mind, he listens with applied ear.",
36029,nāga 3,nāgo,AN5.140,yes,"idha, bhikkhave, rañño <b>nāgo</b> yam'enaṃ hatthidammasārathi kāraṇaṃ kāreti, yadi vā katapubbaṃ yadi vā akatapubbaṃ, taṃ aṭṭhiṃ katvā manasi katvā sabbaṃ cetasā samannāharitvā ohitasoto suṇāti.","Here, monks, a king's bull elephant to whichever task the elephant trainer has him perform, whether [it] has been previously done or not previously done, having focused and paid attention on that (task), having concentrated completely with the mind, he listens with applied ear.",
19136,ohita 3,,AN5.140,yes,"idha, bhikkhave, rañño nāgo yam'enaṃ hatthidammasārathi kāraṇaṃ kāreti, yadi vā katapubbaṃ yadi vā akatapubbaṃ, taṃ aṭṭhiṃ katvā manasi katvā sabbaṃ cetasā samannāharitvā <b>ohita</b>soto suṇāti.","Here, monks, a king's bull elephant to whichever task the elephant trainer has him perform, whether [it] has been previously done or not previously done, having focused and paid attention on that (task), having concentrated completely with the mind, he listens with applied ear.",
19138,ohitasota,ohitasoto,AN5.140,yes,"idha, bhikkhave, rañño nāgo yam'enaṃ hatthidammasārathi kāraṇaṃ kāreti, yadi vā katapubbaṃ yadi vā akatapubbaṃ, taṃ aṭṭhiṃ katvā manasi katvā sabbaṃ cetasā samannāharitvā <b>ohitasoto</b> suṇāti.","Here, monks, a king's bull elephant to whichever task the elephant trainer has him perform, whether [it] has been previously done or not previously done, having focused and paid attention on that (task), having concentrated completely with the mind, he listens with applied ear.",
46819,pubba 1.1,,AN5.140,yes,"idha, bhikkhave, rañño nāgo yam'enaṃ hatthidammasārathi kāraṇaṃ kāreti, yadi vā kata<b>pubbaṃ</b> yadi vā akata<b>pubbaṃ</b>, taṃ aṭṭhiṃ katvā manasi katvā sabbaṃ cetasā samannāharitvā ohitasoto suṇāti.","Here, monks, a king's bull elephant to whichever task the elephant trainer has him perform, whether [it] has been previously done or not previously done, having focused and paid attention on that (task), having concentrated completely with the mind, he listens with applied ear.",
54851,rāja 1,rañño,AN5.140,yes,"idha, bhikkhave, <b>rañño</b> nāgo yam'enaṃ hatthidammasārathi kāraṇaṃ kāreti, yadi vā katapubbaṃ yadi vā akatapubbaṃ, taṃ aṭṭhiṃ katvā manasi katvā sabbaṃ cetasā samannāharitvā ohitasoto suṇāti.","Here, monks, a king's bull elephant to whichever task the elephant trainer has him perform, whether [it] has been previously done or not previously done, having focused and paid attention on that (task), having concentrated completely with the mind, he listens with applied ear.",
59416,samannāharitvā,samannāharitvā,AN5.140,yes,"idha, bhikkhave, rañño nāgo yam'enaṃ hatthidammasārathi kāraṇaṃ kāreti, yadi vā katapubbaṃ yadi vā akatapubbaṃ, taṃ aṭṭhiṃ katvā manasi katvā sabbaṃ cetasā <b>samannāharitvā</b> ohitasoto suṇāti.","Here, monks, a king's bull elephant to whichever task the elephant trainer has him perform, whether [it] has been previously done or not previously done, having focused and paid attention on that (task), having concentrated completely with the mind, he listens with applied ear.",
62470,sārathi 2,,AN5.140,yes,"idha, bhikkhave, rañño nāgo yam'enaṃ hatthidamma<b>sārathi</b> kāraṇaṃ kāreti, yadi vā katapubbaṃ yadi vā akatapubbaṃ, taṃ aṭṭhiṃ katvā manasi katvā sabbaṃ cetasā samannāharitvā ohitasoto suṇāti.","Here, monks, a king's bull elephant to whichever task the elephant trainer has him perform, whether [it] has been previously done or not previously done, having focused and paid attention on that (task), having concentrated completely with the mind, he listens with applied ear.",
65199,sota 2.1,,AN5.140,yes,"idha, bhikkhave, rañño nāgo yam'enaṃ hatthidammasārathi kāraṇaṃ kāreti, yadi vā katapubbaṃ yadi vā akatapubbaṃ, taṃ aṭṭhiṃ katvā manasi katvā sabbaṃ cetasā samannāharitvā ohita<b>soto</b> suṇāti.","Here, monks, a king's bull elephant to whichever task the elephant trainer has him perform, whether [it] has been previously done or not previously done, having focused and paid attention on that (task), having concentrated completely with the mind, he listens with applied ear.",
53746,yadi vā,yadi vā,AN5.140,yes,"idha, bhikkhave, rañño nāgo yam'enaṃ hatthidammasārathi kāraṇaṃ kāreti, <b>yadi vā</b> katapubbaṃ <b>yadi vā</b> akatapubbaṃ, taṃ aṭṭhiṃ katvā manasi katvā sabbaṃ cetasā samannāharitvā ohitasoto suṇāti.","Here, monks, a king's bull elephant to whichever task the elephant trainer has him perform, whether [it] has been previously done or not previously done, having focused and paid attention on that (task), having concentrated completely with the mind, he listens with applied ear.",
1344,ajjhāruha,ajjhāruho,AN5.51,,"byāpādo, bhikkhave, āvaraṇo nīvaraṇo cetaso <b>ajjhāruho</b> paññāya dubbalīkaraṇo.","Monks, ill will is an obstruction, a hindrance of the mind, which overwhelms and weakens understanding.",
12998,āvaraṇa 1,āvaraṇo,AN5.51,,"byāpādo, bhikkhave, <b>āvaraṇo</b> nīvaraṇo cetaso ajjhāruho paññāya dubbalīkaraṇo.","Monks, ill will is an obstruction, a hindrance of the mind, which overwhelms and weakens understanding.",
33690,dubbalī,dubbalā,AN5.51,,"byāpādo, bhikkhave, āvaraṇo nīvaraṇo cetaso ajjhāruho paññāya <b>dubbalī</b>karaṇo.","Monks, ill will is an obstruction, a hindrance of the mind, which overwhelms and weakens understanding.",
33691,dubbalīkaraṇa,dubbalīkaraṇo,AN5.51,,"byāpādo, bhikkhave, āvaraṇo nīvaraṇo cetaso ajjhāruho paññāya <b>dubbalīkaraṇo</b>.","Monks, ill will is an obstruction, a hindrance of the mind, which overwhelms and weakens understanding.",
20450,karaṇa 1,,AN5.51,,"byāpādo, bhikkhave, āvaraṇo nīvaraṇo cetaso ajjhāruho paññāya dubbalī<b>karaṇo</b>.","Monks, ill will is an obstruction, a hindrance of the mind, which overwhelms and weakens understanding.",
4884,anupekkhita,,AN8.2,,tathārūpāssa dhammā bahussutā honti dhātā vacasā paricitā manas<b>ānupekkhitā</b> diṭṭhiyā suppaṭividdhā.,"Teachings of such quality are well-learned by him, remembered, verbally practised, mentally reflected upon, and thoroughly understood by view.",
48208,bahussutā 1,bahussutā,AN8.2,,tathārūpāssa dhammā <b>bahussutā</b> honti dhātā vacasā paricitā manasānupekkhitā diṭṭhiyā suppaṭividdhā.,"Teachings of such quality are well-learned by him, remembered, verbally practised, mentally reflected upon, and thoroughly understood by view.",
35031,dhāta 1.1,dhātā,AN8.2,,tathārūpāssa dhammā bahussutā honti <b>dhātā</b> vacasā paricitā manasānupekkhitā diṭṭhiyā suppaṭividdhā.,"Teachings of such quality are well-learned by him, remembered, verbally practised, mentally reflected upon, and thoroughly understood by view.",
51111,manasānupekkhita,manasānupekkhitā,AN8.2,,tathārūpāssa dhammā bahussutā honti dhātā vacasā paricitā <b>manasānupekkhitā</b> diṭṭhiyā suppaṭividdhā.,"Teachings of such quality are well-learned by him, remembered, verbally practised, mentally reflected upon, and thoroughly understood by view.",
64145,suppaṭividdha,suppaṭividdhā,AN8.2,,tathārūpāssa dhammā bahussutā honti dhātā vacasā paricitā manasānupekkhitā diṭṭhiyā <b>suppaṭividdhā</b>.,"Teachings of such quality are well-learned by him, remembered, verbally practised, mentally reflected upon, and thoroughly understood by view.",
73796,tathārūpāssa,tathārūpāssa,AN8.2,,<b>tathārūpāssa</b> dhammā bahussutā honti dhātā vacasā paricitā manasānupekkhitā diṭṭhiyā suppaṭividdhā.,"Teachings of such quality are well-learned by him, remembered, verbally practised, mentally reflected upon, and thoroughly understood by view.",
65608,vacasā,vacasā,AN8.2,,tathārūpāssa dhammā bahussutā honti dhātā <b>vacasā</b> paricitā manasānupekkhitā diṭṭhiyā suppaṭividdhā.,"Teachings of such quality are well-learned by him, remembered, verbally practised, mentally reflected upon, and thoroughly understood by view.",
2486,attanā 1,attanā,DHP160,,"attā hi attano nātho, ko hi nātho paro siyā, <b>attanā</b> hi sudantena, nāthaṃ labhati dullabhaṃ.","One is truly one's own protector, How could another be (one's) protector? With oneself truly well-tamed one obtains a protector that is hard to get.",
2501,attano 2,attano,DHP160,,"attā hi <b>attano</b> nātho, ko hi nātho paro siyā, attanā hi sudantena, nāthaṃ labhati dullabhaṃ.","One is truly one's own protector, How could another be (one's) protector? With oneself truly well-tamed one obtains a protector that is hard to get.",
33796,dullabha 1,dullabhaṃ,DHP160,,"attā hi attano nātho, ko hi nātho paro siyā, attanā hi sudantena, nāthaṃ labhati <b>dullabhaṃ</b>.","One is truly one's own protector, How could another be (one's) protector? With oneself truly well-tamed one obtains a protector that is hard to get.",
36192,nātha,nātho,DHP160,,"attā hi attano <b>nātho</b>, ko hi nātho paro siyā, attanā hi sudantena, nāthaṃ labhati dullabhaṃ.","One is truly one's own protector, How could another be (one's) protector? With oneself truly well-tamed one obtains a protector that is hard to get.",
62984,siyā 1,siyā,DHP160,,"attā hi attano nātho, ko hi nātho paro <b>siyā</b>, attanā hi sudantena, nāthaṃ labhati dullabhaṃ.","One is truly one's own protector, How could another be (one's) protector? With oneself truly well-tamed one obtains a protector that is hard to get.",
63868,sudanta,sudantena,DHP160,,"attā hi attano nātho, ko hi nātho paro siyā, attanā hi <b>sudantena</b>, nāthaṃ labhati dullabhaṃ.","One is truly one's own protector, How could another be (one's) protector? With oneself truly well-tamed one obtains a protector that is hard to get.",
22434,kumbha 1,,DHP40,,"<b>kumbh</b>'ūpamaṃ kāyam'imaṃ viditvā,
nagar'ūpamaṃ cittam'idaṃ ṭhapetvā.
yodhetha māraṃ paññ'āvudhena, 
jitañ'ca rakkhe anivesano siyā.  ","Having perceived this body [is fragile] like a clay pot, having set up this mind like a fortress, you should fight against death with the weapon of wisdom; one should protect the conquest and be without attachment.",C24
25671,cakka 1,,DN16.32,,"cattāro'me, bhikkhave, acchariyā abbhutā dhammā raññe <b>cakka</b>vattimhi. katame cattāro?","Monks, [there are] these four wonderful, extraordinary qualities about a wheel-turning monarch. Which four?",
25702,cakkavattī,cakkavattimhi,DN16.32,,"cattāro'me, bhikkhave, acchariyā abbhutā dhammā raññe <b>cakkavattimhi</b>. katame cattāro?","Monks, [there are] these four wonderful, extraordinary qualities about a wheel-turning monarch. Which four?",
66039,vattī 2.1,,DN16.32,,"cattāro'me, bhikkhave, acchariyā abbhutā dhammā raññe cakka<b>vattimhi</b>. katame cattāro?","Monks, [there are] these four wonderful, extraordinary qualities about a wheel-turning monarch. Which four?",
11966,āpodhātu 1,āpodhātu,DN22.6,,"puna caparaṃ, bhikkhave, bhikkhu imameva kāyaṃ yathāṭhitaṃ yathāpaṇihitaṃ dhātuso paccavekkhati, atthi imasmiṃ kāye pathavīdhātu <b>āpodhātu</b> tejodhātu vāyodhātū'ti.","And further, monks, a monk regards this body, as it is positioned, as it is directed, as elemental states. “In this very body there is the solid state, the liquid state, the fire state and the air state.”",
26212,caparaṃ,caparaṃ,DN22.6,,"puna <b>caparaṃ</b>, bhikkhave, bhikkhu imameva kāyaṃ yathāṭhitaṃ yathāpaṇihitaṃ dhātuso paccavekkhati, atthi imasmiṃ kāye pathavīdhātu āpodhātu tejodhātu vāyodhātū'ti.","And further, monks, a monk regards this body, as it is positioned, as it is directed, as elemental states. “In this very body there is the solid state, the liquid state, the fire state and the air state.”",
35070,dhātuso 1,dhātuso,DN22.6,,"puna caparaṃ, bhikkhave, bhikkhu imameva kāyaṃ yathāṭhitaṃ yathāpaṇihitaṃ <b>dhātuso</b> paccavekkhati, atthi imasmiṃ kāye pathavīdhātu āpodhātu tejodhātu vāyodhātū'ti.","And further, monks, a monk regards this body, as it is positioned, as it is directed, as elemental states. “In this very body there is the solid state, the liquid state, the fire state and the air state.”",
13784,imameva,imameva,DN22.6,,"puna caparaṃ, bhikkhave, bhikkhu <b>imameva</b> kāyaṃ yathāṭhitaṃ yathāpaṇihitaṃ dhātuso paccavekkhati, atthi imasmiṃ kāye pathavīdhātu āpodhātu tejodhātu vāyodhātū'ti.","And further, monks, a monk regards this body, as it is positioned, as it is directed, as elemental states. “In this very body there is the solid state, the liquid state, the fire state and the air state.”",
39425,paccavekkhati,paccavekkhati,DN22.6,,"puna caparaṃ, bhikkhave, bhikkhu imameva kāyaṃ yathāṭhitaṃ yathāpaṇihitaṃ dhātuso <b>paccavekkhati</b>, atthi imasmiṃ kāye pathavīdhātu āpodhātu tejodhātu vāyodhātū'ti.","And further, monks, a monk regards this body, as it is positioned, as it is directed, as elemental states. “In this very body there is the solid state, the liquid state, the fire state and the air state.”",
41563,paṇihita 1,,DN22.6,,"puna caparaṃ, bhikkhave, bhikkhu imameva kāyaṃ yathāṭhitaṃ yathā<b>paṇihitaṃ</b> dhātuso paccavekkhati, atthi imasmiṃ kāye pathavīdhātu āpodhātu tejodhātu vāyodhātū'ti.","And further, monks, a monk regards this body, as it is positioned, as it is directed, as elemental states. “In this very body there is the solid state, the liquid state, the fire state and the air state.”",
42023,pathavī 2,,DN22.6,,"puna caparaṃ, bhikkhave, bhikkhu imameva kāyaṃ yathāṭhitaṃ yathāpaṇihitaṃ dhātuso paccavekkhati, atthi imasmiṃ kāye <b>pathavī</b>dhātu āpodhātu tejodhātu vāyodhātū'ti.","And further, monks, a monk regards this body, as it is positioned, as it is directed, as elemental states. “In this very body there is the solid state, the liquid state, the fire state and the air state.”",
42030,pathavīdhātu 1,pathavīdhātu,DN22.6,,"puna caparaṃ, bhikkhave, bhikkhu imameva kāyaṃ yathāṭhitaṃ yathāpaṇihitaṃ dhātuso paccavekkhati, atthi imasmiṃ kāye <b>pathavīdhātu</b> āpodhātu tejodhātu vāyodhātū'ti.","And further, monks, a monk regards this body, as it is positioned, as it is directed, as elemental states. “In this very body there is the solid state, the liquid state, the fire state and the air state.”",
46722,puna caparaṃ,puna caparaṃ,DN22.6,,"<b>puna caparaṃ</b>, bhikkhave, bhikkhu imameva kāyaṃ yathāṭhitaṃ yathāpaṇihitaṃ dhātuso paccavekkhati, atthi imasmiṃ kāye pathavīdhātu āpodhātu tejodhātu vāyodhātū'ti.","And further, monks, a monk regards this body, as it is positioned, as it is directed, as elemental states. “In this very body there is the solid state, the liquid state, the fire state and the air state.”",
31176,tejas 1,,DN22.6,,"puna caparaṃ, bhikkhave, bhikkhu imameva kāyaṃ yathāṭhitaṃ yathāpaṇihitaṃ dhātuso paccavekkhati, atthi imasmiṃ kāye pathavīdhātu āpodhātu <b>tejo</b>dhātu vāyodhātū'ti.","And further, monks, a monk regards this body, as it is positioned, as it is directed, as elemental states. “In this very body there is the solid state, the liquid state, the fire state and the air state.”",
29093,ṭhita 7,,DN22.6,,"puna caparaṃ, bhikkhave, bhikkhu imameva kāyaṃ yathā<b>ṭhitaṃ</b> yathāpaṇihitaṃ dhātuso paccavekkhati, atthi imasmiṃ kāye pathavīdhātu āpodhātu tejodhātu vāyodhātū'ti.","And further, monks, a monk regards this body, as it is positioned, as it is directed, as elemental states. “In this very body there is the solid state, the liquid state, the fire state and the air state.”",
66868,vāyas,,DN22.6,,"puna caparaṃ, bhikkhave, bhikkhu imameva kāyaṃ yathāṭhitaṃ yathāpaṇihitaṃ dhātuso paccavekkhati, atthi imasmiṃ kāye pathavīdhātu āpodhātu tejodhātu <b>vāyo</b>dhātū'ti.","And further, monks, a monk regards this body, as it is positioned, as it is directed, as elemental states. “In this very body there is the solid state, the liquid state, the fire state and the air state.”",
66899,vāyodhātu 1,vāyodhātū,DN22.6,,"puna caparaṃ, bhikkhave, bhikkhu imameva kāyaṃ yathāṭhitaṃ yathāpaṇihitaṃ dhātuso paccavekkhati, atthi imasmiṃ kāye pathavīdhātu āpodhātu tejodhātu <b>vāyodhātū</b>'ti.","And further, monks, a monk regards this body, as it is positioned, as it is directed, as elemental states. “In this very body there is the solid state, the liquid state, the fire state and the air state.”",
53628,yathāpaṇihita,yathāpaṇihitaṃ,DN22.6,,"puna caparaṃ, bhikkhave, bhikkhu imameva kāyaṃ yathāṭhitaṃ <b>yathāpaṇihitaṃ</b> dhātuso paccavekkhati, atthi imasmiṃ kāye pathavīdhātu āpodhātu tejodhātu vāyodhātū'ti.","And further, monks, a monk regards this body, as it is positioned, as it is directed, as elemental states. “In this very body there is the solid state, the liquid state, the fire state and the air state.”",
53601,yathāṭhita,yathāṭhitaṃ,DN22.6,,"puna caparaṃ, bhikkhave, bhikkhu imameva kāyaṃ <b>yathāṭhitaṃ</b> yathāpaṇihitaṃ dhātuso paccavekkhati, atthi imasmiṃ kāye pathavīdhātu āpodhātu tejodhātu vāyodhātū'ti.","And further, monks, a monk regards this body, as it is positioned, as it is directed, as elemental states. “In this very body there is the solid state, the liquid state, the fire state and the air state.”",
7118,appekadā,app'ekad'āhaṃ,MN82,yes,"<b>app'ekad</b>'āhaṃ, bho raṭṭhapāla, idha pādaṃ karissāmī'ti aññen'eva pādaṃ karomī""ti.","“Just sometimes, master Raṭṭhapāla, thinking, ""I will place the foot here"", I place it at (lit.: with) another (place).”",
17493,ekadā 1,ekadā,MN82,yes,"app'<b>ekad</b>'āhaṃ, bho raṭṭhapāla, idha pādaṃ karissāmī'ti aññen'eva pādaṃ karomī""ti.","“Just sometimes, master Raṭṭhapāla, thinking, ""I will place the foot here"", I place it at (lit.: with) another (place).”",
45846,pāla,,MN82,yes,"app'ekad'āhaṃ, bho raṭṭha<b>pāla</b>, idha pādaṃ karissāmī'ti aññen'eva pādaṃ karomī""ti.","“Just sometimes, master Raṭṭhapāla, thinking, ""I will place the foot here"", I place it at (lit.: with) another (place).”",
54497,raṭṭha,,MN82,yes,"app'ekad'āhaṃ, bho <b>raṭṭha</b>pāla, idha pādaṃ karissāmī'ti aññen'eva pādaṃ karomī""ti.","“Just sometimes, master Raṭṭhapāla, thinking, ""I will place the foot here"", I place it at (lit.: with) another (place).”",
2490,attani 1,,SN22.1,,"na rūpaṃ attato samanupassati, na rūpavantaṃ vā attānaṃ; na <b>attani</b> vā rūpaṃ, na rūpasmiṃ vā attānaṃ. ahaṃ rūpaṃ, mama rūpan'ti na pariyuṭṭhaṭṭhāyī hoti.","He does not consider physical form as the self, or the self as having physical form, or physical form as in the self, or the self as in physical form. He does not remain obsessed (by the idea) “I am physical form, physical form is mine.”",
2466,attato,attato,SN22.1,,"na rūpaṃ <b>attato</b> samanupassati, na rūpavantaṃ vā attānaṃ; na attani vā rūpaṃ, na rūpasmiṃ vā attānaṃ. ahaṃ rūpaṃ, mama rūpan'ti na pariyuṭṭhaṭṭhāyī hoti.","He does not consider physical form as the self, or the self as having physical form, or physical form as in the self, or the self as in physical form. He does not remain obsessed (by the idea) “I am physical form, physical form is mine.”",
43999,pariyuṭṭha,,SN22.1,,"na rūpaṃ attato samanupassati, na rūpavantaṃ vā attānaṃ; na attani vā rūpaṃ, na rūpasmiṃ vā attānaṃ. ahaṃ rūpaṃ, mama rūpan'ti na <b>pariyuṭṭha</b>ṭṭhāyī hoti.","He does not consider physical form as the self, or the self as having physical form, or physical form as in the self, or the self as in physical form. He does not remain obsessed (by the idea) “I am physical form, physical form is mine.”",
44000,pariyuṭṭhaṭṭhāyī,pariyuṭṭhaṭṭhāyī,SN22.1,,"na rūpaṃ attato samanupassati, na rūpavantaṃ vā attānaṃ; na attani vā rūpaṃ, na rūpasmiṃ vā attānaṃ. ahaṃ rūpaṃ, mama rūpan'ti na <b>pariyuṭṭhaṭṭhāyī</b> hoti.","He does not consider physical form as the self, or the self as having physical form, or physical form as in the self, or the self as in physical form. He does not remain obsessed (by the idea) “I am physical form, physical form is mine.”",
55266,rūpavant 1,rūpavantaṃ,SN22.1,,"na rūpaṃ attato samanupassati, na <b>rūpavantaṃ</b> vā attānaṃ; na attani vā rūpaṃ, na rūpasmiṃ vā attānaṃ. ahaṃ rūpaṃ, mama rūpan'ti na pariyuṭṭhaṭṭhāyī hoti.","He does not consider physical form as the self, or the self as having physical form, or physical form as in the self, or the self as in physical form. He does not remain obsessed (by the idea) “I am physical form, physical form is mine.”",
29086,ṭhāyī,ṭhāyī,SN22.1,,"na rūpaṃ attato samanupassati, na rūpavantaṃ vā attānaṃ; na attani vā rūpaṃ, na rūpasmiṃ vā attānaṃ. ahaṃ rūpaṃ, mama rūpan'ti na pariyuṭṭha<b>ṭhāyī</b> hoti.","He does not consider physical form as the self, or the self as having physical form, or physical form as in the self, or the self as in physical form. He does not remain obsessed (by the idea) “I am physical form, physical form is mine.”",
6972,appamāṇacetasa,appamāṇacetaso,SN35.247,,"idha, bhikkhave, bhikkhu cakkhunā rūpaṃ disvā piyarūpe rūpe n'ādhimuccati, appiyarūpe rūpe na byāpajjati, upaṭṭhitakāyassati ca viharati <b>appamāṇacetaso</b>","Here, monks, having seen a form with the eye, a monk is not drawn to a pleasing form, and he is not repelled by an unpleasant form; with mindfulness of the body present, he dwells with an immeasurable mind.",
7110,appiya 1,,SN35.247,,"idha, bhikkhave, bhikkhu cakkhunā rūpaṃ disvā piyarūpe rūpe n'ādhimuccati, <b>appiya</b>rūpe rūpe na byāpajjati, upaṭṭhitakāyassati ca viharati appamāṇacetaso","Here, monks, having seen a form with the eye, a monk is not drawn to a pleasing form, and he is not repelled by an unpleasant form; with mindfulness of the body present, he dwells with an immeasurable mind.",
7114,appiyarūpa,appiyarūpe,SN35.247,,"idha, bhikkhave, bhikkhu cakkhunā rūpaṃ disvā piyarūpe rūpe n'ādhimuccati, <b>appiyarūpe</b> rūpe na byāpajjati, upaṭṭhitakāyassati ca viharati appamāṇacetaso","Here, monks, having seen a form with the eye, a monk is not drawn to a pleasing form, and he is not repelled by an unpleasant form; with mindfulness of the body present, he dwells with an immeasurable mind.",
48829,byāpajjati 1,byāpajjati,SN35.247,,"idha, bhikkhave, bhikkhu cakkhunā rūpaṃ disvā piyarūpe rūpe n'ādhimuccati, appiyarūpe rūpe na <b>byāpajjati</b>, upaṭṭhitakāyassati ca viharati appamāṇacetaso","Here, monks, having seen a form with the eye, a monk is not drawn to a pleasing form, and he is not repelled by an unpleasant form; with mindfulness of the body present, he dwells with an immeasurable mind.",
21245,kāyassati,kāyassati,SN35.247,,"idha, bhikkhave, bhikkhu cakkhunā rūpaṃ disvā piyarūpe rūpe n'ādhimuccati, appiyarūpe rūpe na byāpajjati, upaṭṭhita<b>kāyassati</b> ca viharati appamāṇacetaso","Here, monks, having seen a form with the eye, a monk is not drawn to a pleasing form, and he is not repelled by an unpleasant form; with mindfulness of the body present, he dwells with an immeasurable mind.",
36217,nādhimuccati 1,n'ādhimuccati,SN35.247,,"idha, bhikkhave, bhikkhu cakkhunā rūpaṃ disvā piyarūpe rūpe <b>n'ādhimuccati</b>, appiyarūpe rūpe na byāpajjati, upaṭṭhitakāyassati ca viharati appamāṇacetaso","Here, monks, having seen a form with the eye, a monk is not drawn to a pleasing form, and he is not repelled by an unpleasant form; with mindfulness of the body present, he dwells with an immeasurable mind.",
46171,piya 2,,SN35.247,,"idha, bhikkhave, bhikkhu cakkhunā rūpaṃ disvā <b>piya</b>rūpe rūpe n'ādhimuccati, appiyarūpe rūpe na byāpajjati, upaṭṭhitakāyassati ca viharati appamāṇacetaso","Here, monks, having seen a form with the eye, a monk is not drawn to a pleasing form, and he is not repelled by an unpleasant form; with mindfulness of the body present, he dwells with an immeasurable mind.",
15575,upaṭṭhitakāyassati,upaṭṭhitakāyassati,SN35.247,,"idha, bhikkhave, bhikkhu cakkhunā rūpaṃ disvā piyarūpe rūpe n'ādhimuccati, appiyarūpe rūpe na byāpajjati, <b>upaṭṭhitakāyassati</b> ca viharati appamāṇacetaso","Here, monks, having seen a form with the eye, a monk is not drawn to a pleasing form, and he is not repelled by an unpleasant form; with mindfulness of the body present, he dwells with an immeasurable mind.",
49722,bhāra 1,bhāro,SN7.9,yes,"māno hi te brāhmaṇa khāri<b>bhāro</b>, kodho dhūmo bhasmani mosavajjaṃ","Conceit, O brahmin, is indeed the burden carried across your shoulders; anger the smoke, false speech (is in) the ashes.",
49492,bhasma,bhasmani,SN7.9,yes,"māno hi te brāhmaṇa khāribhāro, kodho dhūmo <b>bhasmani</b> mosavajjaṃ","Conceit, O brahmin, is indeed the burden carried across your shoulders; anger the smoke, false speech (is in) the ashes.",
35263,dhūma,dhūmo,SN7.9,yes,"māno hi te brāhmaṇa khāribhāro, kodho <b>dhūmo</b> bhasmani mosavajjaṃ","Conceit, O brahmin, is indeed the burden carried across your shoulders; anger the smoke, false speech (is in) the ashes.",
23652,khāri 1,,SN7.9,yes,"māno hi te brāhmaṇa <b>khāri</b>bhāro, kodho dhūmo bhasmani mosavajjaṃ","Conceit, O brahmin, is indeed the burden carried across your shoulders; anger the smoke, false speech (is in) the ashes.",
23657,khāribhāra,khāribhāro,SN7.9,yes,"māno hi te brāhmaṇa <b>khāribhāro</b>, kodho dhūmo bhasmani mosavajjaṃ","Conceit, O brahmin, is indeed the burden carried across your shoulders; anger the smoke, false speech (is in) the ashes.",
23048,kodha 1.1,kodho,SN7.9,yes,"māno hi te brāhmaṇa khāribhāro, <b>kodho</b> dhūmo bhasmani mosavajjaṃ","Conceit, O brahmin, is indeed the burden carried across your shoulders; anger the smoke, false speech (is in) the ashes.",
53378,mosa 2.1,,SN7.9,yes,"māno hi te brāhmaṇa khāribhāro, kodho dhūmo bhasmani <b>mosa</b>vajjaṃ","Conceit, O brahmin, is indeed the burden carried across your shoulders; anger the smoke, false speech (is in) the ashes.",
53382,mosavajja,mosavajjaṃ,SN7.9,yes,"māno hi te brāhmaṇa khāribhāro, kodho dhūmo bhasmani <b>mosavajjaṃ</b>","Conceit, O brahmin, is indeed the burden carried across your shoulders; anger the smoke, false speech (is in) the ashes.",
65708,vajja 1.1,,SN7.9,yes,"māno hi te brāhmaṇa khāribhāro, kodho dhūmo bhasmani mosa<b>vajjaṃ</b>","Conceit, O brahmin, is indeed the burden carried across your shoulders; anger the smoke, false speech (is in) the ashes.",
13114,āvilatta 1,āvilattaṃ,SNP54,,"theyyaṃ na kāre na musā bhaṇeyya, mettāya phasse tasathāvarāni, yadā<b>vilattaṃ</b> manaso vijaññā, kaṇhassa pakkho'ti vinodayeyya.","One should not perform theft, One should not speak falsely, One should touch unstable and firm beings with kindness, One should know any disturbance of mind and dispel it as “a flank of the Dark One.”",
19562,kaṇha 3,kaṇhassa,SNP54,,"theyyaṃ na kāre na musā bhaṇeyya, mettāya phasse tasathāvarāni, yadāvilattaṃ manaso vijaññā, <b>kaṇhassa</b> pakkho'ti vinodayeyya.","One should not perform theft, One should not speak falsely, One should touch unstable and firm beings with kindness, One should know any disturbance of mind and dispel it as “a flank of the Dark One.”",
21383,kāreti 2,,SNP54,,"theyyaṃ na <b>kāre</b> na musā bhaṇeyya, mettāya phasse tasathāvarāni, yadāvilattaṃ manaso vijaññā, kaṇhassa pakkho'ti vinodayeyya.","One should not perform theft, One should not speak falsely, One should touch unstable and firm beings with kindness, One should know any disturbance of mind and dispel it as “a flank of the Dark One.”",
51099,manas,manaso,SNP54,,"theyyaṃ na kāre na musā bhaṇeyya, mettāya phasse tasathāvarāni, yadāvilattaṃ <b>manaso</b> vijaññā, kaṇhassa pakkho'ti vinodayeyya.","One should not perform theft, One should not speak falsely, One should touch unstable and firm beings with kindness, One should know any disturbance of mind and dispel it as “a flank of the Dark One.”",
51136,manaso,manaso,SNP54,,"theyyaṃ na kāre na musā bhaṇeyya, mettāya phasse tasathāvarāni, yadāvilattaṃ <b>manaso</b> vijaññā, kaṇhassa pakkho'ti vinodayeyya.","One should not perform theft, One should not speak falsely, One should touch unstable and firm beings with kindness, One should know any disturbance of mind and dispel it as “a flank of the Dark One.”",
39106,pakkha 5,pakkho,SNP54,,"theyyaṃ na kāre na musā bhaṇeyya, mettāya phasse tasathāvarāni, yadāvilattaṃ manaso vijaññā, kaṇhassa <b>pakkho</b>'ti vinodayeyya.","One should not perform theft, One should not speak falsely, One should touch unstable and firm beings with kindness, One should know any disturbance of mind and dispel it as “a flank of the Dark One.”",
30137,tasathāvara,tasathāvarāni,SNP54,,"theyyaṃ na kāre na musā bhaṇeyya, mettāya phasse <b>tasathāvarāni</b>, yadāvilattaṃ manaso vijaññā, kaṇhassa pakkho'ti vinodayeyya.","One should not perform theft, One should not speak falsely, One should touch unstable and firm beings with kindness, One should know any disturbance of mind and dispel it as “a flank of the Dark One.”",
31600,theyya 1,theyyaṃ,SNP54,,"<b>theyyaṃ</b> na kāre na musā bhaṇeyya, mettāya phasse tasathāvarāni, yadāvilattaṃ manaso vijaññā, kaṇhassa pakkho'ti vinodayeyya.","One should not perform theft, One should not speak falsely, One should touch unstable and firm beings with kindness, One should know any disturbance of mind and dispel it as “a flank of the Dark One.”",
67535,vijaññā,vijaññā,SNP54,,"theyyaṃ na kāre na musā bhaṇeyya, mettāya phasse tasathāvarāni, yadāvilattaṃ manaso <b>vijaññā</b>, kaṇhassa pakkho'ti vinodayeyya.","One should not perform theft, One should not speak falsely, One should touch unstable and firm beings with kindness, One should know any disturbance of mind and dispel it as “a flank of the Dark One.”",
68265,vinodayati,vinodayeyya,SNP54,,"theyyaṃ na kāre na musā bhaṇeyya, mettāya phasse tasathāvarāni, yadāvilattaṃ manaso vijaññā, kaṇhassa pakkho'ti <b>vinodayeyya</b>.","One should not perform theft, One should not speak falsely, One should touch unstable and firm beings with kindness, One should know any disturbance of mind and dispel it as “a flank of the Dark One.”",
13340,iccāyasmā,icc'āyasmā,SNP58,,"“ye kec'ime isayo manujā, (<b>icc'āyasmā</b> puṇṇako)",Whichever of these human beings [are] seers. (Thus said venerable Puṇṇaka),
22811,kecime,kec'ime,SNP58,,"“ye <b>kec'ime</b> isayo manujā, (icc'āyasmā puṇṇako)",Whichever of these human beings [are] seers. (Thus said venerable Puṇṇaka),
51168,manuja,manujā,SNP58,,"“ye kec'ime isayo <b>manujā</b>, (icc'āyasmā puṇṇako)",Whichever of these human beings [are] seers. (Thus said venerable Puṇṇaka),
46596,puṇṇaka 1,puṇṇako,SNP58,,"“ye kec'ime isayo manujā, (icc'āyasmā <b>puṇṇako</b>)",Whichever of these human beings [are] seers. (Thus said venerable Puṇṇaka),
54157,ye kecime,ye kec'ime,SNP58,,"“<b>ye kec'ime</b> isayo manujā, (icc'āyasmā puṇṇako)",Whichever of these human beings [are] seers. (Thus said venerable Puṇṇaka),
1913,aḍḍha 1.1,aḍḍho,VIN PAT PC 57,yes,tatth'āyaṃ samayo diyaḍḍho māso seso gimhānan'ti vassānassa paṭhamo māso icc'ete <b>aḍḍha</b>teyyamāsā,"This (is) the time in this case: One-and-a-half months (are) remaining of the hot season and the first month of the rainy season, thus these two-and-a-half months, ...",
1930,aḍḍhateyya,,VIN PAT PC 57,yes,tatth'āyaṃ samayo diyaḍḍho māso seso gimhānan'ti vassānassa paṭhamo māso icc'ete <b>aḍḍhateyya</b>māsā,"This (is) the time in this case: One-and-a-half months (are) remaining of the hot season and the first month of the rainy season, thus these two-and-a-half months, ...",
1932,aḍḍhateyyamāsa,aḍḍhateyyamāsā,VIN PAT PC 57,yes,tatth'āyaṃ samayo diyaḍḍho māso seso gimhānan'ti vassānassa paṭhamo māso icc'ete <b>aḍḍhateyyamāsā</b>,"This (is) the time in this case: One-and-a-half months (are) remaining of the hot season and the first month of the rainy season, thus these two-and-a-half months, ...",
32632,diyaḍḍha,diyaḍḍho,VIN PAT PC 57,yes,tatth'āyaṃ samayo <b>diyaḍḍho</b> māso seso gimhānan'ti vassānassa paṭhamo māso icc'ete aḍḍhateyyamāsā,"This (is) the time in this case: One-and-a-half months (are) remaining of the hot season and the first month of the rainy season, thus these two-and-a-half months, ...",
17919,ete 1,,VIN PAT PC 57,yes,tatth'āyaṃ samayo diyaḍḍho māso seso gimhānan'ti vassānassa paṭhamo māso icc'<b>ete</b> aḍḍhateyyamāsā,"This (is) the time in this case: One-and-a-half months (are) remaining of the hot season and the first month of the rainy season, thus these two-and-a-half months, ...",
24914,gimhā,gimhāna,VIN PAT PC 57,yes,tatth'āyaṃ samayo diyaḍḍho māso seso <b>gimhānan</b>'ti vassānassa paṭhamo māso icc'ete aḍḍhateyyamāsā,"This (is) the time in this case: One-and-a-half months (are) remaining of the hot season and the first month of the rainy season, thus these two-and-a-half months, ...",
13347,iccete,icc'ete,VIN PAT PC 57,yes,tatth'āyaṃ samayo diyaḍḍho māso seso gimhānan'ti vassānassa paṭhamo māso <b>icc'ete</b> aḍḍhateyyamāsā,"This (is) the time in this case: One-and-a-half months (are) remaining of the hot season and the first month of the rainy season, thus these two-and-a-half months, ...",
52490,māsa 1.1,māso,VIN PAT PC 57,yes,tatth'āyaṃ samayo diyaḍḍho <b>māso</b> seso gimhānan'ti vassānassa paṭhamo māso icc'ete aḍḍhateyyamāsā,"This (is) the time in this case: One-and-a-half months (are) remaining of the hot season and the first month of the rainy season, thus these two-and-a-half months, ...",
29592,tatthāyaṃ,tatth'āyaṃ,VIN PAT PC 57,yes,<b>tatth'āyaṃ</b> samayo diyaḍḍho māso seso gimhānan'ti vassānassa paṭhamo māso icc'ete aḍḍhateyyamāsā,"This (is) the time in this case: One-and-a-half months (are) remaining of the hot season and the first month of the rainy season, thus these two-and-a-half months, ...",
66569,vassāna,vassānassa,VIN PAT PC 57,yes,tatth'āyaṃ samayo diyaḍḍho māso seso gimhānan'ti <b>vassānassa</b> paṭhamo māso icc'ete aḍḍhateyyamāsā,"This (is) the time in this case: One-and-a-half months (are) remaining of the hot season and the first month of the rainy season, thus these two-and-a-half months, ...",
40499,paṭinissajjati,paṭinissajjeyya,VIN PAT SA 10,,"yāvatatiyañ'ce samanubhāsiyamāno taṃ <b>paṭinissajjeyya</b>, icc'etaṃ kusalaṃ, no ce paṭinissajjeyya, saṅghādiseso.","If, being admonished up to the third time, he should relinquish that, thus this [is] good; [but] if he should not relinquish [it], [this is a case] relating to the community in the beginning and in the end.",
54029,yāvatatiyañce,yāvatatiyañ'ce,VIN PAT SA 10,,"<b>yāvatatiyañ'ce</b> samanubhāsiyamāno taṃ paṭinissajjeyya, icc'etaṃ kusalaṃ, no ce paṭinissajjeyya, saṅghādiseso.","If, being admonished up to the third time, he should relinquish that, thus this [is] good; [but] if he should not relinquish [it], [this is a case] relating to the community in the beginning and in the end.",
53549,yatthaṭṭhita,,,,,,
