id,pali,selected_pali_word,class_source,extra,class_example,english_translation
39628,pacchābhūmaka,pacchābhūmakā,AN10.176,,"brāhmaṇā, bhante, <b>pacchābhūmakā</b> kamaṇḍalukā sevālamālikā aggiparicārikā udakorohakā soceyyāni paññapenti, tesāhaṃ soceyyāni rocemī'ti","Venerable sir, the Brahmans from the Western lands who carry water pitchers, who wear moss garlands, who tend the sacred fire, who bathe ritually, they declare purification rites. I approve of their purification rites."
50202,bhūmaka 1,bhūmakā,AN10.176,,"brāhmaṇā, bhante, pacchā<b>bhūmakā</b> kamaṇḍalukā sevālamālikā aggiparicārikā udakorohakā soceyyāni paññapenti, tesāhaṃ soceyyāni rocemī'ti","Venerable sir, the Brahmans from the Western lands who carry water pitchers, who wear moss garlands, who tend the sacred fire, who bathe ritually, they declare purification rites. I approve of their purification rites."
20182,kamaṇḍaluka,kamaṇḍalukā,AN10.176,,"brāhmaṇā, bhante, pacchābhūmakā <b>kamaṇḍalukā</b> sevālamālikā aggiparicārikā udakorohakā soceyyāni paññapenti, tesāhaṃ soceyyāni rocemī'ti","Venerable sir, the Brahmans from the Western lands who carry water pitchers, who wear moss garlands, who tend the sacred fire, who bathe ritually, they declare purification rites. I approve of their purification rites."
65053,sevāla,,AN10.176,,"brāhmaṇā, bhante, pacchābhūmakā kamaṇḍalukā <b>sevāla</b>mālikā aggiparicārikā udakorohakā soceyyāni paññapenti, tesāhaṃ soceyyāni rocemī'ti","Venerable sir, the Brahmans from the Western lands who carry water pitchers, who wear moss garlands, who tend the sacred fire, who bathe ritually, they declare purification rites. I approve of their purification rites."
65056,sevālamālika,sevālamālikā,AN10.176,,"brāhmaṇā, bhante, pacchābhūmakā kamaṇḍalukā <b>sevālamālikā</b> aggiparicārikā udakorohakā soceyyāni paññapenti, tesāhaṃ soceyyāni rocemī'ti","Venerable sir, the Brahmans from the Western lands who carry water pitchers, who wear moss garlands, who tend the sacred fire, who bathe ritually, they declare purification rites. I approve of their purification rites."
52468,mālika,,AN10.176,,"brāhmaṇā, bhante, pacchābhūmakā kamaṇḍalukā sevāla<b>mālikā</b> aggiparicārikā udakorohakā soceyyāni paññapenti, tesāhaṃ soceyyāni rocemī'ti","Venerable sir, the Brahmans from the Western lands who carry water pitchers, who wear moss garlands, who tend the sacred fire, who bathe ritually, they declare purification rites. I approve of their purification rites."
670,aggiparicārika,aggiparicārikā,AN10.176,,"brāhmaṇā, bhante, pacchābhūmakā kamaṇḍalukā sevālamālikā <b>aggiparicārikā</b> udakorohakā soceyyāni paññapenti, tesāhaṃ soceyyāni rocemī'ti","Venerable sir, the Brahmans from the Western lands who carry water pitchers, who wear moss garlands, who tend the sacred fire, who bathe ritually, they declare purification rites. I approve of their purification rites."
26477,cārī 1.1,,SN42.6 ,,"taṃ kiṃ maññasi, gāmaṇi, idh'assa puriso pāṇ'ātipātī adinn'ādāyī kāmesumicchā<b>cārī </b>musāvādī pisuṇavāco pharusavāco samphappalāpī abhijjhālu byāpannacitto micchādiṭṭhiko.","What do you think, headman, here could be a person who kills living being, takes what is not given, who engages in sexual misconduct, speaks falsely, divisively, harshly, and chatters frivolously, [one] who is covetous, has a malicious mind and holds a wrong view."
43334,paricārika,,AN10.176,,"brāhmaṇā, bhante, pacchābhūmakā kamaṇḍalukā sevālamālikā aggi<b>paricārikā</b> udakorohakā soceyyāni paññapenti, tesāhaṃ soceyyāni rocemī'ti","Venerable sir, the Brahmans from the Western lands who carry water pitchers, who wear moss garlands, who tend the sacred fire, who bathe ritually, they declare purification rites. I approve of their purification rites."
14929,udakorohaka,udakorohakā,AN10.176,,"brāhmaṇā, bhante, pacchābhūmakā kamaṇḍalukā sevālamālikā aggiparicārikā <b>udakorohakā</b> soceyyāni paññapenti, tesāhaṃ soceyyāni rocemī'ti","Venerable sir, the Brahmans from the Western lands who carry water pitchers, who wear moss garlands, who tend the sacred fire, who bathe ritually, they declare purification rites. I approve of their purification rites."
18892,orohaka,udakorohakā,AN10.176,,"brāhmaṇā, bhante, pacchābhūmakā kamaṇḍalukā sevālamālikā aggiparicārikā udak<b>orohakā</b> soceyyāni paññapenti, tesāhaṃ soceyyāni rocemī'ti","Venerable sir, the Brahmans from the Western lands who carry water pitchers, who wear moss garlands, who tend the sacred fire, who bathe ritually, they declare purification rites. I approve of their purification rites."
65141,soceyya 1,soceyyāni,AN10.176,,"brāhmaṇā, bhante, pacchābhūmakā kamaṇḍalukā sevālamālikā aggiparicārikā udakorohakā <b>soceyyāni</b> paññapenti, tesāhaṃ soceyyāni rocemī'ti","Venerable sir, the Brahmans from the Western lands who carry water pitchers, who wear moss garlands, who tend the sacred fire, who bathe ritually, they declare purification rites. I approve of their purification rites."
39984,paññapeti 1,paññapenti,AN10.176,,"brāhmaṇā, bhante, pacchābhūmakā kamaṇḍalukā sevālamālikā aggiparicārikā udakorohakā soceyyāni <b>paññapenti</b>, tesāhaṃ soceyyāni rocemī'ti","Venerable sir, the Brahmans from the Western lands who carry water pitchers, who wear moss garlands, who tend the sacred fire, who bathe ritually, they declare purification rites. I approve of their purification rites."
31319,tesāhaṃ,tesāhaṃ,AN10.176,,"brāhmaṇā, bhante, pacchābhūmakā kamaṇḍalukā sevālamālikā aggiparicārikā udakorohakā soceyyāni paññapenti, <b>tesāhaṃ</b> soceyyāni rocemī'ti","Venerable sir, the Brahmans from the Western lands who carry water pitchers, who wear moss garlands, who tend the sacred fire, who bathe ritually, they declare purification rites. I approve of their purification rites."
55374,roceti,,AN10.176,,"brāhmaṇā, bhante, pacchābhūmakā kamaṇḍalukā sevālamālikā aggiparicārikā udakorohakā soceyyāni paññapenti, tesāhaṃ soceyyāni <b>rocemī</b>'ti","Venerable sir, the Brahmans from the Western lands who carry water pitchers, who wear moss garlands, who tend the sacred fire, who bathe ritually, they declare purification rites. I approve of their purification rites."
67380,viggāhika,viggāhikāya,AN7.61,,"<b>viggāhikāya</b> moggallāna kathāya sati kathābāhullaṃ pāṭikaṅkhaṃ, kathābāhulle sati uddhaccaṃ","Moggallāna, when there is quarrelsome talk, an excess of speech is to be expected. When there is an abundance of talk, there is agitation."
19862,kathābāhulla,kathābāhullaṃ,AN7.61,,"viggāhikāya moggallāna kathāya sati <b>kathābāhullaṃ</b> pāṭikaṅkhaṃ, kathābāhulle sati uddhaccaṃ","Moggallāna, when there is quarrelsome talk, an excess of speech is to be expected. When there is an abundance of talk, there is agitation."
48393,bāhulla 1,,AN7.61,,"viggāhikāya moggallāna kathāya sati kathā<b>bāhullaṃ</b> pāṭikaṅkhaṃ, kathābāhulle sati uddhaccaṃ","Moggallāna, when there is quarrelsome talk, an excess of speech is to be expected. When there is an abundance of talk, there is agitation."
15175,uddhacca,uddhaccaṃ,AN7.61,,"viggāhikāya moggallāna kathāya sati kathābāhullaṃ pāṭikaṅkhaṃ, kathābāhulle sati <b>uddhaccaṃ</b>","Moggallāna, when there is quarrelsome talk, an excess of speech is to be expected. When there is an abundance of talk, there is agitation."
54020,yāvajīvaṃ,yāvajīvam'pi,DHP064,,"<b>yāvajīvam</b>'pi ce bālo, paṇḍitaṃ payirupāsati,  na so dhammaṃ vijānāti, dabbī sūparasaṃ yathā.","[Even] if a fool associates closely with a wise person for the rest of his life, he will not (lit: does not) comprehend the doctrine, as a spoon [does not comprehend] the taste of the soup."
28568,jīva 2,jīvam,DHP064,,"yāva<b>jīvam</b>'pi ce bālo, paṇḍitaṃ payirupāsati, na so dhammaṃ vijānāti, dabbī sūparasaṃ yathā.","[Even] if a fool associates closely with a wise person for the rest of his life, he will not (lit: does not) comprehend the doctrine, as a spoon [does not comprehend] the taste of the soup."
42802,payirupāsati 1,payirupāsati,DHP064,,"yāvajīvam'pi ce bālo, paṇḍitaṃ <b>payirupāsati</b>, na so dhammaṃ vijānāti, dabbī sūparasaṃ yathā.","[Even] if a fool associates closely with a wise person for the rest of his life, he will not (lit: does not) comprehend the doctrine, as a spoon [does not comprehend] the taste of the soup."
31948,dabbī,dabbī,DHP064,,"yāvajīvam'pi ce bālo, paṇḍitaṃ payirupāsati,  na so dhammaṃ vijānāti, <b>dabbī</b> sūparasaṃ yathā.","[Even] if a fool associates closely with a wise person for the rest of his life, he will not (lit: does not) comprehend the doctrine, as a spoon [does not comprehend] the taste of the soup."
64728,sūpa 1,,DHP064,,"yāvajīvam'pi ce bālo, paṇḍitaṃ payirupāsati,  na so dhammaṃ vijānāti, dabbī <b>sūpa</b>rasaṃ yathā.","[Even] if a fool associates closely with a wise person for the rest of his life, he will not (lit: does not) comprehend the doctrine, as a spoon [does not comprehend] the taste of the soup."
64736,sūparasa,sūparasaṃ,DHP064,,"yāvajīvam'pi ce bālo, paṇḍitaṃ payirupāsati,  na so dhammaṃ vijānāti, dabbī <b>sūparasaṃ</b> yathā.","[Even] if a fool associates closely with a wise person for the rest of his life, he will not (lit: does not) comprehend the doctrine, as a spoon [does not comprehend] the taste of the soup."
30508,tiṇa 2,,DHP356,,"<b>tiṇa</b>dosāni khettāni, rāgadosā ayaṃ pajā, tasmā hi vītarāgesu, dinnaṃ hoti mahapphalaṃ.","Fields are ruined by weeds, this generation is ruined by desire; that is why an offering to [those who are] free from desires is indeed of great fruit."
30532,tiṇadosa,tiṇadosāni,DHP356,,"<b>tiṇadosāni</b> khettāni, rāgadosā ayaṃ pajā, tasmā hi vītarāgesu, dinnaṃ hoti mahapphalaṃ.","Fields are ruined by weeds, this generation is ruined by desire; that is why an offering to [those who are] free from desires is indeed of great fruit."
34213,dosa 2.2,,DHP356,,"tiṇa<b>dosāni</b> khettāni, rāga<b>dosā</b> ayaṃ pajā, tasmā hi vītarāgesu, dinnaṃ hoti mahapphalaṃ.","Fields are ruined by weeds, this generation is ruined by desire; that is why an offering to [those who are] free from desires is indeed of great fruit."
23880,khetta 1,khettāni,DHP356,,"tiṇadosāni <b>khettāni</b>, rāgadosā ayaṃ pajā, tasmā hi vītarāgesu, dinnaṃ hoti mahapphalaṃ.","Fields are ruined by weeds, this generation is ruined by desire; that is why an offering to [those who are] free from desires is indeed of great fruit."
54798,rāgadosa 2.1,rāgadosā,DHP356,,"tiṇadosāni khettāni, <b>rāgadosā</b> ayaṃ pajā, tasmā hi vītarāgesu, dinnaṃ hoti mahapphalaṃ.","Fields are ruined by weeds, this generation is ruined by desire; that is why an offering to [those who are] free from desires is indeed of great fruit."
69794,vīta 1.1,,DHP356,,"tiṇadosāni khettāni, rāgadosā ayaṃ pajā, tasmā hi <b>vīta</b>rāgesu, dinnaṃ hoti mahapphalaṃ.","Fields are ruined by weeds, this generation is ruined by desire; that is why an offering to [those who are] free from desires is indeed of great fruit."
69815,vītarāga 2,vītarāgesu,DHP356,,"tiṇadosāni khettāni, rāgadosā ayaṃ pajā, tasmā hi <b>vītarāgesu</b>, dinnaṃ hoti mahapphalaṃ.","Fields are ruined by weeds, this generation is ruined by desire; that is why an offering to [those who are] free from desires is indeed of great fruit."
32584,dinna 2,dinnaṃ,DHP356,,"tiṇadosāni khettāni, rāgadosā ayaṃ pajā, tasmā hi vītarāgesu, <b>dinnaṃ</b> hoti mahapphalaṃ.","Fields are ruined by weeds, this generation is ruined by desire; that is why an offering to [those who are] free from desires is indeed of great fruit."
61341,savitakka,savitakkaṃ,DN22.18,,<b>savitakkaṃ</b> savicāraṃ vivekajaṃ pītisukhaṃ paṭhamaṃ jhānaṃ upasampajja viharati,"Having reached the first stage of meditation, which has thinking and discursive thought, and joy and happiness born from solitude, he dwells there."
61334,savicāra,savicāraṃ,DN22.18,,savitakkaṃ <b>savicāraṃ</b> vivekajaṃ pītisukhaṃ paṭhamaṃ jhānaṃ upasampajja viharati,"Having reached the first stage of meditation, which has thinking and discursive thought, and joy and happiness born from solitude, he dwells there."
45815,pārisuddhi 1,pārisuddhiṃ,DN22.18,yes,"sukhassa ca pahānā dukkhassa ca pahānā, pubb'eva somanassadomanassānaṃ atthaṅ'gamā, adukkham'asukhaṃ upekkhāsati<b>pārisuddhiṃ</b> catutthaṃ jhānaṃ upasampajja viharati.","With the abandoning of pleasure and pain, and with the passing away of joy and dejection already before, he dwells having entered into the fourth stage of meditation, which has no pleasure and no pain, (but) has purification of awareness due to equanimity."
45077,pahāna,pahānā,DN22.18,yes,"sukhassa ca <b>pahānā</b> dukkhassa ca pahānā, pubb'eva somanassadomanassānaṃ atthaṅ'gamā, adukkham'asukhaṃ upekkhāsatipārisuddhiṃ catutthaṃ jhānaṃ upasampajja viharati.","With the abandoning of pleasure and pain, and with the passing away of joy and dejection already before, he dwells having entered into the fourth stage of meditation, which has no pleasure and no pain, (but) has purification of awareness due to equanimity."
32878,dukkha 4,dukkhassa,DN22.18,yes,"sukhassa ca pahānā <b>dukkhassa</b> ca pahānā, pubb'eva somanassadomanassānaṃ atthaṅ'gamā, adukkham'asukhaṃ upekkhāsatipārisuddhiṃ catutthaṃ jhānaṃ upasampajja viharati.","With the abandoning of pleasure and pain, and with the passing away of joy and dejection already before, he dwells having entered into the fourth stage of meditation, which has no pleasure and no pain, (but) has purification of awareness due to equanimity."
46940,pubbeva,pubb'eva,DN22.18,yes,"sukhassa ca pahānā dukkhassa ca pahānā, <b>pubb'eva</b> somanassadomanassānaṃ atthaṅ'gamā, adukkham'asukhaṃ upekkhāsatipārisuddhiṃ catutthaṃ jhānaṃ upasampajja viharati.","With the abandoning of pleasure and pain, and with the passing away of joy and dejection already before, he dwells having entered into the fourth stage of meditation, which has no pleasure and no pain, (but) has purification of awareness due to equanimity."
2605,attha 3.1,,DN22.18,yes,"sukhassa ca pahānā dukkhassa ca pahānā, pubb'eva somanassadomanassānaṃ <b>atthaṅ</b>'gamā, adukkham'asukhaṃ upekkhāsatipārisuddhiṃ catutthaṃ jhānaṃ upasampajja viharati.","With the abandoning of pleasure and pain, and with the passing away of joy and dejection already before, he dwells having entered into the fourth stage of meditation, which has no pleasure and no pain, (but) has purification of awareness due to equanimity."
65366,somanassadomanassa,somanassadomanassānaṃ,DN22.18,yes,"sukhassa ca pahānā dukkhassa ca pahānā, pubb'eva <b>somanassadomanassānaṃ</b> atthaṅ'gamā, adukkham'asukhaṃ upekkhāsatipārisuddhiṃ catutthaṃ jhānaṃ upasampajja viharati.","With the abandoning of pleasure and pain, and with the passing away of joy and dejection already before, he dwells having entered into the fourth stage of meditation, which has no pleasure and no pain, (but) has purification of awareness due to equanimity."
2631,atthaṅgama 1,atthaṅ'gamā,DN22.18,yes,"sukhassa ca pahānā dukkhassa ca pahānā, pubb'eva somanassadomanassānaṃ <b>atthaṅ'gamā</b>, adukkham'asukhaṃ upekkhāsatipārisuddhiṃ catutthaṃ jhānaṃ upasampajja viharati.","With the abandoning of pleasure and pain, and with the passing away of joy and dejection already before, he dwells having entered into the fourth stage of meditation, which has no pleasure and no pain, (but) has purification of awareness due to equanimity."
2909,adukkha,,DN22.18,yes,"sukhassa ca pahānā dukkhassa ca pahānā, pubb'eva somanassadomanassānaṃ atthaṅ'gamā, <b>adukkham</b>'asukhaṃ upekkhāsatipārisuddhiṃ catutthaṃ jhānaṃ upasampajja viharati.","With the abandoning of pleasure and pain, and with the passing away of joy and dejection already before, he dwells having entered into the fourth stage of meditation, which has no pleasure and no pain, (but) has purification of awareness due to equanimity."
9780,asukha 1,asukhaṃ,DN22.18,yes,"sukhassa ca pahānā dukkhassa ca pahānā, pubb'eva somanassadomanassānaṃ atthaṅ'gamā, adukkham'<b>asukhaṃ</b> upekkhāsatipārisuddhiṃ catutthaṃ jhānaṃ upasampajja viharati.","With the abandoning of pleasure and pain, and with the passing away of joy and dejection already before, he dwells having entered into the fourth stage of meditation, which has no pleasure and no pain, (but) has purification of awareness due to equanimity."
16460,upekkhāsatipārisuddhi,upekkhāsatipārisuddhiṃ,DN22.18,yes,"sukhassa ca pahānā dukkhassa ca pahānā, pubb'eva somanassadomanassānaṃ atthaṅ'gamā, adukkham'asukhaṃ <b>upekkhāsatipārisuddhiṃ</b> catutthaṃ jhānaṃ upasampajja viharati.","With the abandoning of pleasure and pain, and with the passing away of joy and dejection already before, he dwells having entered into the fourth stage of meditation, which has no pleasure and no pain, (but) has purification of awareness due to equanimity."
57636,satipārisuddhi,satipārisuddhiṃ,DN22.18,yes,"sukhassa ca pahānā dukkhassa ca pahānā, pubb'eva somanassadomanassānaṃ atthaṅ'gamā, adukkham'asukhaṃ upekkhā<b>satipārisuddhiṃ</b> catutthaṃ jhānaṃ upasampajja viharati.","With the abandoning of pleasure and pain, and with the passing away of joy and dejection already before, he dwells having entered into the fourth stage of meditation, which has no pleasure and no pain, (but) has purification of awareness due to equanimity."
48850,byāpādapadosa,byāpādapadosaṃ,MN107,,<b>byāpādapadosaṃ</b> pahāya abyāpannacitto viharati sabbapāṇabhūtahit'ānukampī,"Abandoning ill-will and hatred, he dwells with a mind without ill-will, compassionate for the welfare of all living beings."
42223,padosa 1.1,padosaṃ,MN107,,byāpāda<b>padosaṃ</b> pahāya abyāpannacitto viharati sabbapāṇabhūtahit'ānukampī,"Abandoning ill-will and hatred, he dwells with a mind without ill-will, compassionate for the welfare of all living beings."
45098,pahāya 1,pahāya,MN107,,byāpādapadosaṃ <b>pahāya</b> abyāpannacitto viharati sabbapāṇabhūtahit'ānukampī,"Abandoning ill-will and hatred, he dwells with a mind without ill-will, compassionate for the welfare of all living beings."
7422,abyāpanna,,MN107,,byāpādapadosaṃ pahāya <b>abyāpanna</b>citto viharati sabbapāṇabhūtahit'ānukampī,"Abandoning ill-will and hatred, he dwells with a mind without ill-will, compassionate for the welfare of all living beings."
7424,abyāpannacitta,abyāpannacitto,MN107,,byāpādapadosaṃ pahāya <b>abyāpannacitto</b> viharati sabbapāṇabhūtahit'ānukampī,"Abandoning ill-will and hatred, he dwells with a mind without ill-will, compassionate for the welfare of all living beings."
58896,sabbapāṇabhūtā,,MN107,,byāpādapadosaṃ pahāya abyāpannacitto viharati <b>sabbapāṇabhūta</b>hit'ānukampī,"Abandoning ill-will and hatred, he dwells with a mind without ill-will, compassionate for the welfare of all living beings."
58895,sabbapāṇabhūtahitānukampī,sabbapāṇabhūtahit'ānukampī,MN107,,byāpādapadosaṃ pahāya abyāpannacitto viharati <b>sabbapāṇabhūtahit'ānukampī</b>,"Abandoning ill-will and hatred, he dwells with a mind without ill-will, compassionate for the welfare of all living beings."
4341,anukampī,ānukampī,MN107,,byāpādapadosaṃ pahāya abyāpannacitto viharati sabbapāṇabhūtahit'<b>ānukampī</b>,"Abandoning ill-will and hatred, he dwells with a mind without ill-will, compassionate for the welfare of all living beings."
39621,pacchābhattaṃ,pacchābhattaṃ,MN107,,so <b>pacchābhattaṃ</b> piṇḍapātapaṭikkanto nisīdati pallaṅkaṃ ābhujitvā ujuṃ kāyaṃ paṇidhāya parimukhaṃ satiṃ upaṭṭhapetvā,"After the meal, after returning from alms-round, he sits down, having folded [his legs] into a cross-legged sitting position, positioning the body uprightly, having set up mindfulness as first priority."
46042,piṇḍa 2,,MN107,,so pacchābhattaṃ <b>piṇḍa</b>pātapaṭikkanto nisīdati pallaṅkaṃ ābhujitvā ujuṃ kāyaṃ paṇidhāya parimukhaṃ satiṃ upaṭṭhapetvā,"After the meal, after returning from alms-round, he sits down, having folded [his legs] into a cross-legged sitting position, positioning the body uprightly, having set up mindfulness as first priority."
46050,piṇḍapātapaṭikkanta,piṇḍapātapaṭikkanto,MN107,,so pacchābhattaṃ <b>piṇḍapātapaṭikkanto</b> nisīdati pallaṅkaṃ ābhujitvā ujuṃ kāyaṃ paṇidhāya parimukhaṃ satiṃ upaṭṭhapetvā,"After the meal, after returning from alms-round, he sits down, having folded [his legs] into a cross-legged sitting position, positioning the body uprightly, having set up mindfulness as first priority."
45404,pāta 2,,MN107,,so pacchābhattaṃ piṇḍa<b>pāta</b>paṭikkanto nisīdati pallaṅkaṃ ābhujitvā ujuṃ kāyaṃ paṇidhāya parimukhaṃ satiṃ upaṭṭhapetvā,"After the meal, after returning from alms-round, he sits down, having folded [his legs] into a cross-legged sitting position, positioning the body uprightly, having set up mindfulness as first priority."
40241,paṭikkanta 1,paṭikkanto,MN107,,so pacchābhattaṃ piṇḍapāta<b>paṭikkanto</b> nisīdati pallaṅkaṃ ābhujitvā ujuṃ kāyaṃ paṇidhāya parimukhaṃ satiṃ upaṭṭhapetvā,"After the meal, after returning from alms-round, he sits down, having folded [his legs] into a cross-legged sitting position, positioning the body uprightly, having set up mindfulness as first priority."
10122,assosi,assosi,MN12,yes,<b>assosi</b> kho āyasmā sāriputto sunakkhattassa licchaviputtassa vesāliyaṃ parisati evaṃ vācaṃ bhāsamānassa - natthi samaṇassa gotamassa uttarimanussadhammā alamariyañāṇadassanaviseso.,"Venerable Sariputta heard when Lucky Star, the young Licchavi, was talking in the Vesali assembly (saying), “The Ascetic Gotama has no super-powers, a distinction of knowledge and vision worthy of the Noble One's.”"
46625,putta 2,,MN12,yes,assosi kho āyasmā sāri<b>putto</b> sunakkhattassa licchavi<b>puttassa</b> vesāliyaṃ parisati evaṃ vācaṃ bhāsamānassa - natthi samaṇassa gotamassa uttarimanussadhammā alamariyañāṇadassanaviseso.,"Venerable Sariputta heard when Lucky Star, the young Licchavi, was talking in the Vesali assembly (saying), “The Ascetic Gotama has no super-powers, a distinction of knowledge and vision worthy of the Noble One's.”"
55831,licchavi,,MN12,yes,assosi kho āyasmā sāriputto sunakkhattassa <b>licchavi</b>puttassa vesāliyaṃ parisati evaṃ vācaṃ bhāsamānassa - natthi samaṇassa gotamassa uttarimanussadhammā alamariyañāṇadassanaviseso.,"Venerable Sariputta heard when Lucky Star, the young Licchavi, was talking in the Vesali assembly (saying), “The Ascetic Gotama has no super-powers, a distinction of knowledge and vision worthy of the Noble One's.”"
55836,licchaviputta,licchaviputtassa,MN12,yes,assosi kho āyasmā sāriputto sunakkhattassa <b>licchaviputtassa</b> vesāliyaṃ parisati evaṃ vācaṃ bhāsamānassa - natthi samaṇassa gotamassa uttarimanussadhammā alamariyañāṇadassanaviseso.,"Venerable Sariputta heard when Lucky Star, the young Licchavi, was talking in the Vesali assembly (saying), “The Ascetic Gotama has no super-powers, a distinction of knowledge and vision worthy of the Noble One's.”"
44108,parisā 1,,MN12,yes,assosi kho āyasmā sāriputto sunakkhattassa licchaviputtassa vesāliyaṃ <b>parisati</b> evaṃ vācaṃ bhāsamānassa - natthi samaṇassa gotamassa uttarimanussadhammā alamariyañāṇadassanaviseso.,"Venerable Sariputta heard when Lucky Star, the young Licchavi, was talking in the Vesali assembly (saying), “The Ascetic Gotama has no super-powers, a distinction of knowledge and vision worthy of the Noble One's.”"
44090,parisati,parisati,MN12,yes,assosi kho āyasmā sāriputto sunakkhattassa licchaviputtassa vesāliyaṃ <b>parisati</b> evaṃ vācaṃ bhāsamānassa - natthi samaṇassa gotamassa uttarimanussadhammā alamariyañāṇadassanaviseso.,"Venerable Sariputta heard when Lucky Star, the young Licchavi, was talking in the Vesali assembly (saying), “The Ascetic Gotama has no super-powers, a distinction of knowledge and vision worthy of the Noble One's.”"
49760,bhāsamāna,bhāsamānassa,MN12,yes,assosi kho āyasmā sāriputto sunakkhattassa licchaviputtassa vesāliyaṃ parisati evaṃ vācaṃ <b>bhāsamānassa</b> - natthi samaṇassa gotamassa uttarimanussadhammā alamariyañāṇadassanaviseso.,"Venerable Sariputta heard when Lucky Star, the young Licchavi, was talking in the Vesali assembly (saying), “The Ascetic Gotama has no super-powers, a distinction of knowledge and vision worthy of the Noble One's.”"
32108,dassana 3,,MN12,yes,assosi kho āyasmā sāriputto sunakkhattassa licchaviputtassa vesāliyaṃ parisati evaṃ vācaṃ bhāsamānassa - natthi samaṇassa gotamassa uttarimanussadhammā alamariyañāṇa<b>dassana</b>viseso.,"Venerable Sariputta heard when Lucky Star, the young Licchavi, was talking in the Vesali assembly (saying), “The Ascetic Gotama has no super-powers, a distinction of knowledge and vision worthy of the Noble One's.”"
49391,bhadra 1,,MN40,,"ehi tvaṃ, <b>bhadra</b>mukha, saṅghāṭiko hohi, saṅghāṭikassa te sato saṅghāṭidhāraṇamattena abhijjhālussa abhijjhā pahīyissati.","Come, my dear! Be someone who wears a patchwork robe! When you are someone who wears a patchwork robe, when you are covetous, by the mere fact of wearing a patchwork robe, covetousness will be abandoned."
49397,bhadramukha,bhadramukha,MN40,,"ehi tvaṃ, <b>bhadramukha</b>, saṅghāṭiko hohi, saṅghāṭikassa te sato saṅghāṭidhāraṇamattena abhijjhālussa abhijjhā pahīyissati.","Come, my dear! Be someone who wears a patchwork robe! When you are someone who wears a patchwork robe, when you are covetous, by the mere fact of wearing a patchwork robe, covetousness will be abandoned."
52759,mukha 2,,MN40,,"ehi tvaṃ, bhadra<b>mukha</b>, saṅghāṭiko hohi, saṅghāṭikassa te sato saṅghāṭidhāraṇamattena abhijjhālussa abhijjhā pahīyissati.","Come, my dear! Be someone who wears a patchwork robe! When you are someone who wears a patchwork robe, when you are covetous, by the mere fact of wearing a patchwork robe, covetousness will be abandoned."
57056,saṅghāṭika,saṅghāṭiko,MN40,,"ehi tvaṃ, bhadramukha, <b>saṅghāṭiko</b> hohi, saṅghāṭikassa te sato saṅghāṭidhāraṇamattena abhijjhālussa abhijjhā pahīyissati.","Come, my dear! Be someone who wears a patchwork robe! When you are someone who wears a patchwork robe, when you are covetous, by the mere fact of wearing a patchwork robe, covetousness will be abandoned."
57062,saṅghāṭidhāraṇa,,MN40,,"ehi tvaṃ, bhadramukha, saṅghāṭiko hohi, saṅghāṭikassa te sato <b>saṅghāṭidhāraṇa</b>mattena abhijjhālussa abhijjhā pahīyissati.","Come, my dear! Be someone who wears a patchwork robe! When you are someone who wears a patchwork robe, when you are covetous, by the mere fact of wearing a patchwork robe, covetousness will be abandoned."
57063,saṅghāṭidhāraṇamatta,saṅghāṭidhāraṇamattena,MN40,,"ehi tvaṃ, bhadramukha, saṅghāṭiko hohi, saṅghāṭikassa te sato <b>saṅghāṭidhāraṇamattena</b> abhijjhālussa abhijjhā pahīyissati.","Come, my dear! Be someone who wears a patchwork robe! When you are someone who wears a patchwork robe, when you are covetous, by the mere fact of wearing a patchwork robe, covetousness will be abandoned."
35098,dhāraṇa 2,,MN40,,"ehi tvaṃ, bhadramukha, saṅghāṭiko hohi, saṅghāṭikassa te sato saṅghāṭi<b>dhāraṇa</b>mattena abhijjhālussa abhijjhā pahīyissati.","Come, my dear! Be someone who wears a patchwork robe! When you are someone who wears a patchwork robe, when you are covetous, by the mere fact of wearing a patchwork robe, covetousness will be abandoned."
50939,matta 1.2,,MN40,,"ehi tvaṃ, bhadramukha, saṅghāṭiko hohi, saṅghāṭikassa te sato saṅghāṭidhāraṇa<b>mattena</b> abhijjhālussa abhijjhā pahīyissati.","Come, my dear! Be someone who wears a patchwork robe! When you are someone who wears a patchwork robe, when you are covetous, by the mere fact of wearing a patchwork robe, covetousness will be abandoned."
69303,visuddhamattānaṃ,visuddhamattānaṃ,MN40,,"tassa sabbehi imehi pāpakehi akusalehi dhammehi <b>visuddhamattānaṃ</b> samanupassato, vimuttamattānaṃ samanupassato, pāmojjaṃ jāyati, pamuditassa pīti jāyati, pītimanassa kāyo passambhati, passaddhakāyo sukhaṃ vedeti, sukhino cittaṃ samādhiyati.","When he sees himself pure and free from all these bad, unskilful mental states, happiness arises. for one who is happy delight arises. for one who has a joyful mind the body relaxes. One with a relaxed body experiences ease. for who is at ease the mind becomes settled."
68717,vimuttamattānaṃ,vimuttamattānaṃ,MN40,,"tassa sabbehi imehi pāpakehi akusalehi dhammehi visuddhamattānaṃ samanupassato, <b>vimuttamattānaṃ</b> samanupassato, pāmojjaṃ jāyati, pamuditassa pīti jāyati, pītimanassa kāyo passambhati, passaddhakāyo sukhaṃ vedeti, sukhino cittaṃ samādhiyati.","When he sees himself pure and free from all these bad, unskilful mental states, happiness arises. for one who is happy delight arises. for one who has a joyful mind the body relaxes. One with a relaxed body experiences ease. for who is at ease the mind becomes settled."
42742,pamudita,pamuditassa,MN40,,"tassa sabbehi imehi pāpakehi akusalehi dhammehi visuddhamattānaṃ samanupassato, vimuttamattānaṃ samanupassato, pāmojjaṃ jāyati, <b>pamuditassa</b> pīti jāyati, pītimanassa kāyo passambhati, passaddhakāyo sukhaṃ vedeti, sukhino cittaṃ samādhiyati.","When he sees himself pure and free from all these bad, unskilful mental states, happiness arises. for one who is happy delight arises. for one who has a joyful mind the body relaxes. One with a relaxed body experiences ease. for who is at ease the mind becomes settled."
46402,pītimana,pītimanassa,MN40,,"tassa sabbehi imehi pāpakehi akusalehi dhammehi visuddhamattānaṃ samanupassato, vimuttamattānaṃ samanupassato, pāmojjaṃ jāyati, pamuditassa pīti jāyati, <b>pītimanassa</b> kāyo passambhati, passaddhakāyo sukhaṃ vedeti, sukhino cittaṃ samādhiyati.","When he sees himself pure and free from all these bad, unskilful mental states, happiness arises. for one who is happy delight arises. for one who has a joyful mind the body relaxes. One with a relaxed body experiences ease. for who is at ease the mind becomes settled."
44759,passambhati,passambhati,MN40,,"tassa sabbehi imehi pāpakehi akusalehi dhammehi visuddhamattānaṃ samanupassato, vimuttamattānaṃ samanupassato, pāmojjaṃ jāyati, pamuditassa pīti jāyati, pītimanassa kāyo <b>passambhati</b>, passaddhakāyo sukhaṃ vedeti, sukhino cittaṃ samādhiyati.","When he sees himself pure and free from all these bad, unskilful mental states, happiness arises. for one who is happy delight arises. for one who has a joyful mind the body relaxes. One with a relaxed body experiences ease. for who is at ease the mind becomes settled."
21448,kālavādī,kālavādī,MN51,,<b>kālavādī</b> bhūtavādī atthavādī dhammavādī vinayavādī nidhānavatiṃ vācaṃ bhāsitā hoti kālena sāpadesaṃ pariyantavatiṃ atthasaṃhitaṃ,"He speaks at the right time, speaks the truth, speaks what is of benefit, speaks about the doctrine, speaks about the discipline, a speaker of words worth treasuring; at a suitable time, [he speaks] reasonable, within a limit and [what is] advantageous."
50149,bhūta 02,,MN51,,kālavādī <b>bhūta</b>vādī atthavādī dhammavādī vinayavādī nidhānavatiṃ vācaṃ bhāsitā hoti kālena sāpadesaṃ pariyantavatiṃ atthasaṃhitaṃ,"He speaks at the right time, speaks the truth, speaks what is of benefit, speaks about the doctrine, speaks about the discipline, a speaker of words worth treasuring; at a suitable time, [he speaks] reasonable, within a limit and [what is] advantageous."
50182,bhūtavādī,bhūtavādī,MN51,,kālavādī <b>bhūtavādī</b> atthavādī dhammavādī vinayavādī nidhānavatiṃ vācaṃ bhāsitā hoti kālena sāpadesaṃ pariyantavatiṃ atthasaṃhitaṃ,"He speaks at the right time, speaks the truth, speaks what is of benefit, speaks about the doctrine, speaks about the discipline, a speaker of words worth treasuring; at a suitable time, [he speaks] reasonable, within a limit and [what is] advantageous."
2714,atthavādī 1,atthavādī,MN51,,kālavādī bhūtavādī <b>atthavādī</b> dhammavādī vinayavādī nidhānavatiṃ vācaṃ bhāsitā hoti kālena sāpadesaṃ pariyantavatiṃ atthasaṃhitaṃ,"He speaks at the right time, speaks the truth, speaks what is of benefit, speaks about the doctrine, speaks about the discipline, a speaker of words worth treasuring; at a suitable time, [he speaks] reasonable, within a limit and [what is] advantageous."
34907,dhammavādī 1,dhammavādī,MN51,,kālavādī bhūtavādī atthavādī <b>dhammavādī</b> vinayavādī nidhānavatiṃ vācaṃ bhāsitā hoti kālena sāpadesaṃ pariyantavatiṃ atthasaṃhitaṃ,"He speaks at the right time, speaks the truth, speaks what is of benefit, speaks about the doctrine, speaks about the discipline, a speaker of words worth treasuring; at a suitable time, [he speaks] reasonable, within a limit and [what is] advantageous."
68106,vinayavādī,vinayavādī,MN51,,kālavādī bhūtavādī atthavādī dhammavādī <b>vinayavādī</b> nidhānavatiṃ vācaṃ bhāsitā hoti kālena sāpadesaṃ pariyantavatiṃ atthasaṃhitaṃ,"He speaks at the right time, speaks the truth, speaks what is of benefit, speaks about the doctrine, speaks about the discipline, a speaker of words worth treasuring; at a suitable time, [he speaks] reasonable, within a limit and [what is] advantageous."
37294,nidhānavant,nidhānavatiṃ,MN51,,kālavādī bhūtavādī atthavādī dhammavādī vinayavādī <b>nidhānavatiṃ</b> vācaṃ bhāsitā hoti kālena sāpadesaṃ pariyantavatiṃ atthasaṃhitaṃ,"He speaks at the right time, speaks the truth, speaks what is of benefit, speaks about the doctrine, speaks about the discipline, a speaker of words worth treasuring; at a suitable time, [he speaks] reasonable, within a limit and [what is] advantageous."
49779,bhāsitar,,MN51,,kālavādī bhūtavādī atthavādī dhammavādī vinayavādī nidhānavatiṃ vācaṃ <b>bhāsitā</b> hoti kālena sāpadesaṃ pariyantavatiṃ atthasaṃhitaṃ,"He speaks at the right time, speaks the truth, speaks what is of benefit, speaks about the doctrine, speaks about the discipline, a speaker of words worth treasuring; at a suitable time, [he speaks] reasonable, within a limit and [what is] advantageous."
62271,sāpadesa,sāpadesaṃ,MN51,,kālavādī bhūtavādī atthavādī dhammavādī vinayavādī nidhānavatiṃ vācaṃ bhāsitā hoti kālena <b>sāpadesaṃ</b> pariyantavatiṃ atthasaṃhitaṃ,"He speaks at the right time, speaks the truth, speaks what is of benefit, speaks about the doctrine, speaks about the discipline, a speaker of words worth treasuring; at a suitable time, [he speaks] reasonable, within a limit and [what is] advantageous."
43936,pariyantavant,pariyantavatiṃ,MN51,,kālavādī bhūtavādī atthavādī dhammavādī vinayavādī nidhānavatiṃ vācaṃ bhāsitā hoti kālena sāpadesaṃ <b>pariyantavatiṃ</b> atthasaṃhitaṃ,"He speaks at the right time, speaks the truth, speaks what is of benefit, speaks about the doctrine, speaks about the discipline, a speaker of words worth treasuring; at a suitable time, [he speaks] reasonable, within a limit and [what is] advantageous."
51820,mahāpurisa,,MN91,yes,"dvīsu <b>mahāpurisa</b>lakkhaṇesu kaṅkhati vicikicchati n'ādhimuccati na sampasīdati, kos'ohite ca vatthaguyhe, pahūtajivhatāya ca.","He has doubt, he is uncertain about two auspicious marks of a great man, he has not made up his mind [and] is unsettled regarding [them]: about the genitals being enclosed in a sheath and about the largeness of the tongue."
51821,mahāpurisalakkhaṇa,mahāpurisalakkhaṇesu,MN91,yes,"dvīsu <b>mahāpurisalakkhaṇesu</b> kaṅkhati vicikicchati n'ādhimuccati na sampasīdati, kos'ohite ca vatthaguyhe, pahūtajivhatāya ca.","He has doubt, he is uncertain about two auspicious marks of a great man, he has not made up his mind [and] is unsettled regarding [them]: about the genitals being enclosed in a sheath and about the largeness of the tongue."
55470,lakkhaṇa 1,lakkhaṇesu,MN91,yes,"dvīsu mahāpurisa<b>lakkhaṇesu</b> kaṅkhati vicikicchati n'ādhimuccati na sampasīdati, kos'ohite ca vatthaguyhe, pahūtajivhatāya ca.","He has doubt, he is uncertain about two auspicious marks of a great man, he has not made up his mind [and] is unsettled regarding [them]: about the genitals being enclosed in a sheath and about the largeness of the tongue."
36218,nādhimuccati 2,n'ādhimuccati,MN91,yes,"dvīsu mahāpurisalakkhaṇesu kaṅkhati vicikicchati <b>n'ādhimuccati</b> na sampasīdati, kos'ohite ca vatthaguyhe, pahūtajivhatāya ca.","He has doubt, he is uncertain about two auspicious marks of a great man, he has not made up his mind [and] is unsettled regarding [them]: about the genitals being enclosed in a sheath and about the largeness of the tongue."
60380,sampasīdati,sampasīdati,MN91,yes,"dvīsu mahāpurisalakkhaṇesu kaṅkhati vicikicchati n'ādhimuccati na <b>sampasīdati</b>, kos'ohite ca vatthaguyhe, pahūtajivhatāya ca.","He has doubt, he is uncertain about two auspicious marks of a great man, he has not made up his mind [and] is unsettled regarding [them]: about the genitals being enclosed in a sheath and about the largeness of the tongue."
23162,kosa 1.4,,MN91,yes,"dvīsu mahāpurisalakkhaṇesu kaṅkhati vicikicchati n'ādhimuccati na sampasīdati, <b>kos</b>'ohite ca vatthaguyhe, pahūtajivhatāya ca.","He has doubt, he is uncertain about two auspicious marks of a great man, he has not made up his mind [and] is unsettled regarding [them]: about the genitals being enclosed in a sheath and about the largeness of the tongue."
23221,kosohita,kos'ohite,MN91,yes,"dvīsu mahāpurisalakkhaṇesu kaṅkhati vicikicchati n'ādhimuccati na sampasīdati, <b>kos'ohite</b> ca vatthaguyhe, pahūtajivhatāya ca.","He has doubt, he is uncertain about two auspicious marks of a great man, he has not made up his mind [and] is unsettled regarding [them]: about the genitals being enclosed in a sheath and about the largeness of the tongue."
19135,ohita 2,,MN91,yes,"dvīsu mahāpurisalakkhaṇesu kaṅkhati vicikicchati n'ādhimuccati na sampasīdati, kos'<b>ohite</b> ca vatthaguyhe, pahūtajivhatāya ca.","He has doubt, he is uncertain about two auspicious marks of a great man, he has not made up his mind [and] is unsettled regarding [them]: about the genitals being enclosed in a sheath and about the largeness of the tongue."
66057,vatthaguyha,vatthaguyhe,MN91,yes,"dvīsu mahāpurisalakkhaṇesu kaṅkhati vicikicchati n'ādhimuccati na sampasīdati, kos'ohite ca <b>vatthaguyhe</b>, pahūtajivhatāya ca.","He has doubt, he is uncertain about two auspicious marks of a great man, he has not made up his mind [and] is unsettled regarding [them]: about the genitals being enclosed in a sheath and about the largeness of the tongue."
25120,guyha 1,guyhe,MN91,yes,"dvīsu mahāpurisalakkhaṇesu kaṅkhati vicikicchati n'ādhimuccati na sampasīdati, kos'ohite ca vattha<b>guyhe</b>, pahūtajivhatāya ca.","He has doubt, he is uncertain about two auspicious marks of a great man, he has not made up his mind [and] is unsettled regarding [them]: about the genitals being enclosed in a sheath and about the largeness of the tongue."
45148,pahūta 1,,MN91,yes,"dvīsu mahāpurisalakkhaṇesu kaṅkhati vicikicchati n'ādhimuccati na sampasīdati, kos'ohite ca vatthaguyhe, <b>pahūta</b>jivhatāya ca.","He has doubt, he is uncertain about two auspicious marks of a great man, he has not made up his mind [and] is unsettled regarding [them]: about the genitals being enclosed in a sheath and about the largeness of the tongue."
45152,pahūtajivhatā,pahūtajivhatāya,MN91,yes,"dvīsu mahāpurisalakkhaṇesu kaṅkhati vicikicchati n'ādhimuccati na sampasīdati, kos'ohite ca vatthaguyhe, <b>pahūtajivhatāya</b> ca.","He has doubt, he is uncertain about two auspicious marks of a great man, he has not made up his mind [and] is unsettled regarding [them]: about the genitals being enclosed in a sheath and about the largeness of the tongue."
28509,jivhatā,,MN91,yes,"dvīsu mahāpurisalakkhaṇesu kaṅkhati vicikicchati n'ādhimuccati na sampasīdati, kos'ohite ca vatthaguyhe, pahūta<b>jivhatāya</b> ca.","He has doubt, he is uncertain about two auspicious marks of a great man, he has not made up his mind [and] is unsettled regarding [them]: about the genitals being enclosed in a sheath and about the largeness of the tongue."
15993,uparipabbata,uparipabbate,SN12.23,,"seyyathāpi, bhikkhave, <b>uparipabbate</b> thullaphusitake deve vassante taṃ udakaṃ yathāninnaṃ pavattamānaṃ pabbatakandarapadarasākhā paripūreti.","Just as when the sky is raining big drops (of rain) on top of the mountain, that water, proceeding downwards, fills up the mountain cracks, crevices and creeks."
31531,thulla 1,,SN12.23,,"seyyathāpi, bhikkhave, uparipabbate <b>thulla</b>phusitake deve vassante taṃ udakaṃ yathāninnaṃ pavattamānaṃ pabbatakandarapadarasākhā paripūreti.","Just as when the sky is raining big drops (of rain) on top of the mountain, that water, proceeding downwards, fills up the mountain cracks, crevices and creeks."
31543,thullaphusitaka 1,thullaphusitake,SN12.23,,"seyyathāpi, bhikkhave, uparipabbate <b>thullaphusitake</b> deve vassante taṃ udakaṃ yathāninnaṃ pavattamānaṃ pabbatakandarapadarasākhā paripūreti.","Just as when the sky is raining big drops (of rain) on top of the mountain, that water, proceeding downwards, fills up the mountain cracks, crevices and creeks."
47779,phusitaka,,SN12.23,,"seyyathāpi, bhikkhave, uparipabbate thulla<b>phusitake</b> deve vassante taṃ udakaṃ yathāninnaṃ pavattamānaṃ pabbatakandarapadarasākhā paripūreti.","Just as when the sky is raining big drops (of rain) on top of the mountain, that water, proceeding downwards, fills up the mountain cracks, crevices and creeks."
34021,deva 4,deve,SN12.23,,"seyyathāpi, bhikkhave, uparipabbate thullaphusitake <b>deve</b> vassante taṃ udakaṃ yathāninnaṃ pavattamānaṃ pabbatakandarapadarasākhā paripūreti.","Just as when the sky is raining big drops (of rain) on top of the mountain, that water, proceeding downwards, fills up the mountain cracks, crevices and creeks."
66545,vassanta,vassante,SN12.23,,"seyyathāpi, bhikkhave, uparipabbate thullaphusitake deve <b>vassante</b> taṃ udakaṃ yathāninnaṃ pavattamānaṃ pabbatakandarapadarasākhā paripūreti.","Just as when the sky is raining big drops (of rain) on top of the mountain, that water, proceeding downwards, fills up the mountain cracks, crevices and creeks."
53618,yathāninnaṃ,yathāninnaṃ,SN12.23,,"seyyathāpi, bhikkhave, uparipabbate thullaphusitake deve vassante taṃ udakaṃ <b>yathāninnaṃ</b> pavattamānaṃ pabbatakandarapadarasākhā paripūreti.","Just as when the sky is raining big drops (of rain) on top of the mountain, that water, proceeding downwards, fills up the mountain cracks, crevices and creeks."
37331,ninna 1,yathāninnaṃ,SN12.23,,"seyyathāpi, bhikkhave, uparipabbate thullaphusitake deve vassante taṃ udakaṃ yathā<b>ninnaṃ</b> pavattamānaṃ pabbatakandarapadarasākhā paripūreti.","Just as when the sky is raining big drops (of rain) on top of the mountain, that water, proceeding downwards, fills up the mountain cracks, crevices and creeks."
44839,pavattamāna 1,pavattamānaṃ,SN12.23,,"seyyathāpi, bhikkhave, uparipabbate thullaphusitake deve vassante taṃ udakaṃ yathāninnaṃ <b>pavattamānaṃ</b> pabbatakandarapadarasākhā paripūreti.","Just as when the sky is raining big drops (of rain) on top of the mountain, that water, proceeding downwards, fills up the mountain cracks, crevices and creeks."
42501,pabbatakandarā,,SN12.23,,"seyyathāpi, bhikkhave, uparipabbate thullaphusitake deve vassante taṃ udakaṃ yathāninnaṃ pavattamānaṃ <b>pabbatakandara</b>padarasākhā paripūreti.","Just as when the sky is raining big drops (of rain) on top of the mountain, that water, proceeding downwards, fills up the mountain cracks, crevices and creeks."
42499,pabbatakandarapadarasākhā,pabbatakandarapadarasākhā,SN12.23,,"seyyathāpi, bhikkhave, uparipabbate thullaphusitake deve vassante taṃ udakaṃ yathāninnaṃ pavattamānaṃ <b>pabbatakandarapadarasākhā</b> paripūreti.","Just as when the sky is raining big drops (of rain) on top of the mountain, that water, proceeding downwards, fills up the mountain cracks, crevices and creeks."
19998,kandarā,,SN12.23,,"seyyathāpi, bhikkhave, uparipabbate thullaphusitake deve vassante taṃ udakaṃ yathāninnaṃ pavattamānaṃ pabbata<b>kandara</b>padarasākhā paripūreti.","Just as when the sky is raining big drops (of rain) on top of the mountain, that water, proceeding downwards, fills up the mountain cracks, crevices and creeks."
42086,padara 2,,SN12.23,,"seyyathāpi, bhikkhave, uparipabbate thullaphusitake deve vassante taṃ udakaṃ yathāninnaṃ pavattamānaṃ pabbatakandara<b>padara</b>sākhā paripūreti.","Just as when the sky is raining big drops (of rain) on top of the mountain, that water, proceeding downwards, fills up the mountain cracks, crevices and creeks."
62067,sākhā 2,sākhā,SN12.23,,"seyyathāpi, bhikkhave, uparipabbate thullaphusitake deve vassante taṃ udakaṃ yathāninnaṃ pavattamānaṃ pabbatakandarapadara<b>sākhā</b> paripūreti.","Just as when the sky is raining big drops (of rain) on top of the mountain, that water, proceeding downwards, fills up the mountain cracks, crevices and creeks."
42496,pabbata 2,pabbate,SN12.23,,"seyyathāpi, bhikkhave, uparipabbate thullaphusitake deve vassante taṃ udakaṃ yathāninnaṃ pavattamānaṃ<b> pabbata</b>kandarapadarasākhā paripūreti.","Just as when the sky is raining big drops (of rain) on top of the mountain, that water, proceeding downwards, fills up the mountain cracks, crevices and creeks."
27832,jaṭila,jaṭilā,SN3.11,yes,tena kho pana samayena satta ca <b>jaṭilā</b> satta ca nigaṇṭhā satta ca acelakā satta ca ekasāṭakā satta ca paribbājakā parūḷhakacchanakhalomā khārivividham'ādāya bhagavato avidūre atikkamanti.,"Now on that occasion, seven dread-locked ascetics, seven Jains, seven naked ascetics, seven one-robe ascetics, and seven wandering ascetics, with long armpit hair, nails and body hair, and carrying bundles of personal belongings on a pole, passed by near to the Blessed One."
36844,nigaṇṭha 1,nigaṇṭhā,SN3.11,yes,tena kho pana samayena satta ca jaṭilā satta ca <b>nigaṇṭhā</b> satta ca acelakā satta ca ekasāṭakā satta ca paribbājakā parūḷhakacchanakhalomā khārivividham'ādāya bhagavato avidūre atikkamanti.,"Now on that occasion, seven dread-locked ascetics, seven Jains, seven naked ascetics, seven one-robe ascetics, and seven wandering ascetics, with long armpit hair, nails and body hair, and carrying bundles of personal belongings on a pole, passed by near to the Blessed One."
909,acelaka,acelakā,SN3.11,yes,tena kho pana samayena satta ca jaṭilā satta ca nigaṇṭhā satta ca <b>acelakā</b> satta ca ekasāṭakā satta ca paribbājakā parūḷhakacchanakhalomā khārivividham'ādāya bhagavato avidūre atikkamanti.,"Now on that occasion, seven dread-locked ascetics, seven Jains, seven naked ascetics, seven one-robe ascetics, and seven wandering ascetics, with long armpit hair, nails and body hair, and carrying bundles of personal belongings on a pole, passed by near to the Blessed One."
17657,ekasāṭaka 1,ekasāṭakā,SN3.11,yes,tena kho pana samayena satta ca jaṭilā satta ca nigaṇṭhā satta ca acelakā satta ca <b>ekasāṭakā</b> satta ca paribbājakā parūḷhakacchanakhalomā khārivividham'ādāya bhagavato avidūre atikkamanti.,"Now on that occasion, seven dread-locked ascetics, seven Jains, seven naked ascetics, seven one-robe ascetics, and seven wandering ascetics, with long armpit hair, nails and body hair, and carrying bundles of personal belongings on a pole, passed by near to the Blessed One."
62102,sāṭaka 1,,SN3.11,yes,tena kho pana samayena satta ca jaṭilā satta ca nigaṇṭhā satta ca acelakā satta ca eka<b>sāṭakā</b> satta ca paribbājakā parūḷhakacchanakhalomā khārivividham'ādāya bhagavato avidūre atikkamanti.,"Now on that occasion, seven dread-locked ascetics, seven Jains, seven naked ascetics, seven one-robe ascetics, and seven wandering ascetics, with long armpit hair, nails and body hair, and carrying bundles of personal belongings on a pole, passed by near to the Blessed One."
44398,parūḷha,,SN3.11,yes,tena kho pana samayena satta ca jaṭilā satta ca nigaṇṭhā satta ca acelakā satta ca ekasāṭakā satta ca paribbājakā <b>parūḷhaka</b>cchanakhalomā khārivividham'ādāya bhagavato avidūre atikkamanti.,"Now on that occasion, seven dread-locked ascetics, seven Jains, seven naked ascetics, seven one-robe ascetics, and seven wandering ascetics, with long armpit hair, nails and body hair, and carrying bundles of personal belongings on a pole, passed by near to the Blessed One."
44399,parūḷhakacchanakhaloma,parūḷhakacchanakhalomā,SN3.11,yes,tena kho pana samayena satta ca jaṭilā satta ca nigaṇṭhā satta ca acelakā satta ca ekasāṭakā satta ca paribbājakā <b>parūḷhakacchanakhalomā</b> khārivividham'ādāya bhagavato avidūre atikkamanti.,"Now on that occasion, seven dread-locked ascetics, seven Jains, seven naked ascetics, seven one-robe ascetics, and seven wandering ascetics, with long armpit hair, nails and body hair, and carrying bundles of personal belongings on a pole, passed by near to the Blessed One."
19271,kaccha 1.3,,SN3.11,yes,tena kho pana samayena satta ca jaṭilā satta ca nigaṇṭhā satta ca acelakā satta ca ekasāṭakā satta ca paribbājakā parūḷha<b>kaccha</b>nakhalomā khārivividham'ādāya bhagavato avidūre atikkamanti.,"Now on that occasion, seven dread-locked ascetics, seven Jains, seven naked ascetics, seven one-robe ascetics, and seven wandering ascetics, with long armpit hair, nails and body hair, and carrying bundles of personal belongings on a pole, passed by near to the Blessed One."
23662,khārivividha,khārivividham,SN3.11,yes,tena kho pana samayena satta ca jaṭilā satta ca nigaṇṭhā satta ca acelakā satta ca ekasāṭakā satta ca paribbājakā parūḷhakacchanakhalomā <b>khārivividham</b>'ādāya bhagavato avidūre atikkamanti.,"Now on that occasion, seven dread-locked ascetics, seven Jains, seven naked ascetics, seven one-robe ascetics, and seven wandering ascetics, with long armpit hair, nails and body hair, and carrying bundles of personal belongings on a pole, passed by near to the Blessed One."
23663,khārivividhamādāya,khārivividham'ādāya,SN3.11,yes,tena kho pana samayena satta ca jaṭilā satta ca nigaṇṭhā satta ca acelakā satta ca ekasāṭakā satta ca paribbājakā parūḷhakacchanakhalomā <b>khārivividham'ādāya</b> bhagavato avidūre atikkamanti.,"Now on that occasion, seven dread-locked ascetics, seven Jains, seven naked ascetics, seven one-robe ascetics, and seven wandering ascetics, with long armpit hair, nails and body hair, and carrying bundles of personal belongings on a pole, passed by near to the Blessed One."
69599,vividha 2,vividham,SN3.11,yes,tena kho pana samayena satta ca jaṭilā satta ca nigaṇṭhā satta ca acelakā satta ca ekasāṭakā satta ca paribbājakā parūḷhakacchanakhalomā khāri<b>vividham</b>'ādāya bhagavato avidūre atikkamanti.,"Now on that occasion, seven dread-locked ascetics, seven Jains, seven naked ascetics, seven one-robe ascetics, and seven wandering ascetics, with long armpit hair, nails and body hair, and carrying bundles of personal belongings on a pole, passed by near to the Blessed One."
11524,ādāya 3,ādāya,SN3.11,yes,tena kho pana samayena satta ca jaṭilā satta ca nigaṇṭhā satta ca acelakā satta ca ekasāṭakā satta ca paribbājakā parūḷhakacchanakhalomā khārivividham'<b>ādāya</b> bhagavato avidūre atikkamanti.,"Now on that occasion, seven dread-locked ascetics, seven Jains, seven naked ascetics, seven one-robe ascetics, and seven wandering ascetics, with long armpit hair, nails and body hair, and carrying bundles of personal belongings on a pole, passed by near to the Blessed One."
2070,atikkamati 3,atikkamanti,SN3.11,yes,tena kho pana samayena satta ca jaṭilā satta ca nigaṇṭhā satta ca acelakā satta ca ekasāṭakā satta ca paribbājakā parūḷhakacchanakhalomā khārivividham'ādāya bhagavato avidūre <b>atikkamanti</b>.,"Now on that occasion, seven dread-locked ascetics, seven Jains, seven naked ascetics, seven one-robe ascetics, and seven wandering ascetics, with long armpit hair, nails and body hair, and carrying bundles of personal belongings on a pole, passed by near to the Blessed One."
13698,idhassa,idh'assa,SN42.6,,"taṃ kiṃ maññasi, gāmaṇi, <b>idh'assa</b> puriso pāṇ'ātipātī adinn'ādāyī kāmesumicchācārī musāvādī pisuṇavāco pharusavāco samphappalāpī abhijjhālu byāpannacitto micchādiṭṭhiko.","What do you think, headman, here could be a person who kills living being, takes what is not given, who engages in sexual misconduct, speaks falsely, divisively, harshly, and chatters frivolously, [one] who is covetous, has a malicious mind and holds a wrong view."
45378,pāṇātipātī,pāṇ'ātipātī,SN42.6,,"taṃ kiṃ maññasi, gāmaṇi, idh'assa puriso <b>pāṇ'ātipātī</b> adinn'ādāyī kāmesumicchācārī musāvādī pisuṇavāco pharusavāco samphappalāpī abhijjhālu byāpannacitto micchādiṭṭhiko.","What do you think, headman, here could be a person who kills living being, takes what is not given, who engages in sexual misconduct, speaks falsely, divisively, harshly, and chatters frivolously, [one] who is covetous, has a malicious mind and holds a wrong view."
2202,atipātī 1,,SN42.6,,"taṃ kiṃ maññasi, gāmaṇi, idh'assa puriso pāṇ'<b>ātipātī</b> adinn'ādāyī kāmesumicchācārī musāvādī pisuṇavāco pharusavāco samphappalāpī abhijjhālu byāpannacitto micchādiṭṭhiko.","What do you think, headman, here could be a person who kills living being, takes what is not given, who engages in sexual misconduct, speaks falsely, divisively, harshly, and chatters frivolously, [one] who is covetous, has a malicious mind and holds a wrong view."
2901,adinnādāyī 1,adinn'ādāyī,SN42.6,,"taṃ kiṃ maññasi, gāmaṇi, idh'assa puriso pāṇ'ātipātī <b>adinn'ādāyī</b> kāmesumicchācārī musāvādī pisuṇavāco pharusavāco samphappalāpī abhijjhālu byāpannacitto micchādiṭṭhiko.","What do you think, headman, here could be a person who kills living being, takes what is not given, who engages in sexual misconduct, speaks falsely, divisively, harshly, and chatters frivolously, [one] who is covetous, has a malicious mind and holds a wrong view."
11528,ādāyī,,SN42.6,,"taṃ kiṃ maññasi, gāmaṇi, idh'assa puriso pāṇ'ātipātī adinn'<b>ādāyī</b> kāmesumicchācārī musāvādī pisuṇavāco pharusavāco samphappalāpī abhijjhālu byāpannacitto micchādiṭṭhiko.","What do you think, headman, here could be a person who kills living being, takes what is not given, who engages in sexual misconduct, speaks falsely, divisively, harshly, and chatters frivolously, [one] who is covetous, has a malicious mind and holds a wrong view."
21127,kāmesumicchācārī,kāmesumicchācārī,SN42.6,,"taṃ kiṃ maññasi, gāmaṇi, idh'assa puriso pāṇ'ātipātī adinn'ādāyī <b>kāmesumicchācārī</b> musāvādī pisuṇavāco pharusavāco samphappalāpī abhijjhālu byāpannacitto micchādiṭṭhiko.","What do you think, headman, here could be a person who kills living being, takes what is not given, who engages in sexual misconduct, speaks falsely, divisively, harshly, and chatters frivolously, [one] who is covetous, has a malicious mind and holds a wrong view."
52577,micchā 1,,SN42.6,,"taṃ kiṃ maññasi, gāmaṇi, idh'assa puriso pāṇ'ātipātī adinn'ādāyī kāmesu<b>micchā</b>cārī musāvādī pisuṇavāco pharusavāco samphappalāpī abhijjhālu byāpannacitto micchādiṭṭhiko.","What do you think, headman, here could be a person who kills living being, takes what is not given, who engages in sexual misconduct, speaks falsely, divisively, harshly, and chatters frivolously, [one] who is covetous, has a malicious mind and holds a wrong view."
52586,micchācārī,,SN42.6,,"taṃ kiṃ maññasi, gāmaṇi, idh'assa puriso pāṇ'ātipātī adinn'ādāyī kāmesu<b>micchācārī</b> musāvādī pisuṇavāco pharusavāco samphappalāpī abhijjhālu byāpannacitto micchādiṭṭhiko.","What do you think, headman, here could be a person who kills living being, takes what is not given, who engages in sexual misconduct, speaks falsely, divisively, harshly, and chatters frivolously, [one] who is covetous, has a malicious mind and holds a wrong view."
53061,musāvādī,musāvādī,SN42.6,,"taṃ kiṃ maññasi, gāmaṇi, idh'assa puriso pāṇ'ātipātī adinn'ādāyī kāmesumicchācārī <b>musāvādī</b> pisuṇavāco pharusavāco samphappalāpī abhijjhālu byāpannacitto micchādiṭṭhiko.","What do you think, headman, here could be a person who kills living being, takes what is not given, who engages in sexual misconduct, speaks falsely, divisively, harshly, and chatters frivolously, [one] who is covetous, has a malicious mind and holds a wrong view."
46286,pisuṇa,,SN42.6,,"taṃ kiṃ maññasi, gāmaṇi, idh'assa puriso pāṇ'ātipātī adinn'ādāyī kāmesumicchācārī musāvādī <b>pisuṇa</b>vāco pharusavāco samphappalāpī abhijjhālu byāpannacitto micchādiṭṭhiko.","What do you think, headman, here could be a person who kills living being, takes what is not given, who engages in sexual misconduct, speaks falsely, divisively, harshly, and chatters frivolously, [one] who is covetous, has a malicious mind and holds a wrong view."
46287,pisuṇavāca,pisuṇavāco,SN42.6,,"taṃ kiṃ maññasi, gāmaṇi, idh'assa puriso pāṇ'ātipātī adinn'ādāyī kāmesumicchācārī musāvādī <b>pisuṇavāco</b> pharusavāco samphappalāpī abhijjhālu byāpannacitto micchādiṭṭhiko.","What do you think, headman, here could be a person who kills living being, takes what is not given, who engages in sexual misconduct, speaks falsely, divisively, harshly, and chatters frivolously, [one] who is covetous, has a malicious mind and holds a wrong view."
47568,pharusa 1,,SN42.6,,"taṃ kiṃ maññasi, gāmaṇi, idh'assa puriso pāṇ'ātipātī adinn'ādāyī kāmesumicchācārī musāvādī pisuṇavāco <b>pharusa</b>vāco samphappalāpī abhijjhālu byāpannacitto micchādiṭṭhiko.","What do you think, headman, here could be a person who kills living being, takes what is not given, who engages in sexual misconduct, speaks falsely, divisively, harshly, and chatters frivolously, [one] who is covetous, has a malicious mind and holds a wrong view."
47571,pharusavāca,pharusavāco,SN42.6,,"taṃ kiṃ maññasi, gāmaṇi, idh'assa puriso pāṇ'ātipātī adinn'ādāyī kāmesumicchācārī musāvādī pisuṇavāco <b>pharusavāco</b> samphappalāpī abhijjhālu byāpannacitto micchādiṭṭhiko.","What do you think, headman, here could be a person who kills living being, takes what is not given, who engages in sexual misconduct, speaks falsely, divisively, harshly, and chatters frivolously, [one] who is covetous, has a malicious mind and holds a wrong view."
60509,sampha 1,,SN42.6,,"taṃ kiṃ maññasi, gāmaṇi, idh'assa puriso pāṇ'ātipātī adinn'ādāyī kāmesumicchācārī musāvādī pisuṇavāco pharusavāco <b>sampha</b>ppalāpī abhijjhālu byāpannacitto micchādiṭṭhiko.","What do you think, headman, here could be a person who kills living being, takes what is not given, who engages in sexual misconduct, speaks falsely, divisively, harshly, and chatters frivolously, [one] who is covetous, has a malicious mind and holds a wrong view."
60516,samphappalāpī,samphappalāpī,SN42.6,,"taṃ kiṃ maññasi, gāmaṇi, idh'assa puriso pāṇ'ātipātī adinn'ādāyī kāmesumicchācārī musāvādī pisuṇavāco pharusavāco <b>samphappalāpī</b> abhijjhālu byāpannacitto micchādiṭṭhiko.","What do you think, headman, here could be a person who kills living being, takes what is not given, who engages in sexual misconduct, speaks falsely, divisively, harshly, and chatters frivolously, [one] who is covetous, has a malicious mind and holds a wrong view."
44456,palāpī,,SN42.6,,"taṃ kiṃ maññasi, gāmaṇi, idh'assa puriso pāṇ'ātipātī adinn'ādāyī kāmesumicchācārī musāvādī pisuṇavāco pharusavāco sampha<b>ppalāpī</b> abhijjhālu byāpannacitto micchādiṭṭhiko.","What do you think, headman, here could be a person who kills living being, takes what is not given, who engages in sexual misconduct, speaks falsely, divisively, harshly, and chatters frivolously, [one] who is covetous, has a malicious mind and holds a wrong view."
7665,abhijjhālu,abhijjhālu,SN42.6,,"taṃ kiṃ maññasi, gāmaṇi, idh'assa puriso pāṇ'ātipātī adinn'ādāyī kāmesumicchācārī musāvādī pisuṇavāco pharusavāco samphappalāpī <b>abhijjhālu</b> byāpannacitto micchādiṭṭhiko.","What do you think, headman, here could be a person who kills living being, takes what is not given, who engages in sexual misconduct, speaks falsely, divisively, harshly, and chatters frivolously, [one] who is covetous, has a malicious mind and holds a wrong view."
48835,byāpanna,,SN42.6,,"taṃ kiṃ maññasi, gāmaṇi, idh'assa puriso pāṇ'ātipātī adinn'ādāyī kāmesumicchācārī musāvādī pisuṇavāco pharusavāco samphappalāpī abhijjhālu <b>byāpanna</b>citto micchādiṭṭhiko.","What do you think, headman, here could be a person who kills living being, takes what is not given, who engages in sexual misconduct, speaks falsely, divisively, harshly, and chatters frivolously, [one] who is covetous, has a malicious mind and holds a wrong view."
48837,byāpannacitta,byāpannacitto,SN42.6,,"taṃ kiṃ maññasi, gāmaṇi, idh'assa puriso pāṇ'ātipātī adinn'ādāyī kāmesumicchācārī musāvādī pisuṇavāco pharusavāco samphappalāpī abhijjhālu <b>byāpannacitto</b> micchādiṭṭhiko.","What do you think, headman, here could be a person who kills living being, takes what is not given, who engages in sexual misconduct, speaks falsely, divisively, harshly, and chatters frivolously, [one] who is covetous, has a malicious mind and holds a wrong view."
52593,micchādiṭṭhika,micchādiṭṭhiko,SN42.6,,"taṃ kiṃ maññasi, gāmaṇi, idh'assa puriso pāṇ'ātipātī adinn'ādāyī kāmesumicchācārī musāvādī pisuṇavāco pharusavāco samphappalāpī abhijjhālu byāpannacitto <b>micchādiṭṭhiko</b>.","What do you think, headman, here could be a person who kills living being, takes what is not given, who engages in sexual misconduct, speaks falsely, divisively, harshly, and chatters frivolously, [one] who is covetous, has a malicious mind and holds a wrong view."
32483,diṭṭhika,,SN42.6,,"taṃ kiṃ maññasi, gāmaṇi, idh'assa puriso pāṇ'ātipātī adinn'ādāyī kāmesumicchācārī musāvādī pisuṇavāco pharusavāco samphappalāpī abhijjhālu byāpannacitto micchā<b>diṭṭhiko</b>.","What do you think, headman, here could be a person who kills living being, takes what is not given, who engages in sexual misconduct, speaks falsely, divisively, harshly, and chatters frivolously, [one] who is covetous, has a malicious mind and holds a wrong view."
38501,nihata 2,,VIN PAT PC 63,,"yo pana bhikkhu jānaṃ yathādhammaṃ <b>nihat</b>'ādhikaraṇaṃ punakammāya ukkoṭeyya, pācittiyaṃ.","If any monk should knowingly re-open for further action a legal issue which has been disposed of according to the rule, [this is an offence] involving confession."
38509,nihatādhikaraṇa,nihat'ādhikaraṇaṃ,VIN PAT PC 63,,"yo pana bhikkhu jānaṃ yathādhammaṃ <b>nihat'ādhikaraṇaṃ</b> punakammāya ukkoṭeyya, pācittiyaṃ.","If any monk should knowingly re-open for further action a legal issue which has been disposed of according to the rule, [this is an offence] involving confession."
3104,adhikaraṇa 1,ādhikaraṇaṃ,VIN PAT PC 63,,"yo pana bhikkhu jānaṃ yathādhammaṃ nihat'<b>ādhikaraṇaṃ</b> punakammāya ukkoṭeyya, pācittiyaṃ.","If any monk should knowingly re-open for further action a legal issue which has been disposed of according to the rule, [this is an offence] involving confession."
46728,punakamma,punakammāya,VIN PAT PC 63,,"yo pana bhikkhu jānaṃ yathādhammaṃ nihat'ādhikaraṇaṃ <b>punakammāya</b> ukkoṭeyya, pācittiyaṃ.","If any monk should knowingly re-open for further action a legal issue which has been disposed of according to the rule, [this is an offence] involving confession."
14080,ukkoṭeti,ukkoṭeyya,VIN PAT PC 63,,"yo pana bhikkhu jānaṃ yathādhammaṃ nihat'ādhikaraṇaṃ punakammāya <b>ukkoṭeyya</b>, pācittiyaṃ.","If any monk should knowingly re-open for further action a legal issue which has been disposed of according to the rule, [this is an offence] involving confession."
1227,ajjatagge,ajja't'agge,VIN PAT PC 70,,"<b>ajja't'agge</b> te, āvuso, samaṇ'uddesa na c'eva so bhagavā satthā apadisitabbo","From today onwards, friend novice, the Blessed One is not to be referred to as the teacher by you."
59255,samaṇuddesa,samaṇ'uddesa,VIN PAT PC 70,,"ajja't'agge te, āvuso, <b>samaṇ'uddesa</b> na c'eva so bhagavā satthā apadisitabbo","From today onwards, friend novice, the Blessed One is not to be referred to as the teacher by you."
15149,uddesa 6,,VIN PAT PC 70,,"ajja't'agge te, āvuso, samaṇ'<b>uddesa</b> na c'eva so bhagavā satthā apadisitabbo","From today onwards, friend novice, the Blessed One is not to be referred to as the teacher by you."
27183,ceva 4,c'eva,VIN PAT PC 70,,"ajja't'agge te, āvuso, samaṇ'uddesa na <b>c'eva</b> so bhagavā satthā apadisitabbo","From today onwards, friend novice, the Blessed One is not to be referred to as the teacher by you."
6195,apadisitabba,apadisitabbo,VIN PAT PC 70,,"ajja't'agge te, āvuso, samaṇ'uddesa na c'eva so bhagavā satthā <b>apadisitabbo</b>","From today onwards, friend novice, the Blessed One is not to be referred to as the teacher by you."
